Li,B,C,Mg,Al,Si,Sc,Ti,V,Cr,Mn,Fe,Co,Ni,Cu,Zn,Y,Zr,Nb,Mo,Sn,Hf,Ta,W,Phases,HV,Delta,Gamma,Enthalpy of Mixing,Electronegativity,VEC,Configurational Entropy,Weighted Melting Temperature,Yang Parameter,Asymmetry,e/a
0,0,0,0,0,0,0,0,0,0,0,0.333333333,0.333333333,0.333333333,0,0,0,0,0,0,0,0,0,0,FCC,125,0.327647103,1.008683978,-1.333333331,0.032998316,8.999999991,9.134370805,1495.999999,10.24876405,0.023149516,1.079999999
0,0,0,0,0,0,0,0,0,0,0,0.333333333,0.333333333,0.333333333,0,0,0,0,0,0,0,0,0,0,FCC,125,0.327647103,1.008683978,-1.333333331,0.032998316,8.999999991,9.134370805,1495.999999,10.24876405,0.023149516,1.079999999
0,0,0,0,0,0,0,0,0,0,0,0.333333333,0.333333333,0.333333333,0,0,0,0,0,0,0,0,0,0,FCC,,0.327647103,1.008683978,-1.333333331,0.032998316,8.999999991,9.134370805,1495.999999,10.24876405,0.023149516,1.079999999
0,0,0,0,0,0.076923077,0,0,0,0,0,0.307692308,0.307692308,0.307692308,0,0,0,0,0,0,0,0,0,0,FCC,149,2.02528242,1.090641792,-11.83431955,0.032490326,8.615384624,10.6865208,1489.692309,1.345208551,0.220150396,1.304615386
0,0,0,0,0,0.142857143,0,0,0,0,0,0.285714286,0.285714286,0.285714286,0,0,0,0,0,0,0,0,0,0,FCC + Im,287,2.657710253,1.090837078,-19.42857147,0.031943828,8.285714294,11.23935749,1484.285716,0.858653855,0.304839894,1.497142859
0,0,0,0,0,0.2,0,0,0,0,0,0.266666667,0.266666667,0.266666667,0,0,0,0,0,0,0,0,0,0,FCC + Im,570,3.045362704,1.091007152,-24.96000003,0.031382939,8.000000009,11.46807389,1479.600001,0.679814188,0.366328846,1.664000001
0,0,0,0,0.076923077,0,0,0,0,0,0,0.307692308,0.307692308,0.307692308,0,0,0,0,0,0,0,0,0,0,FCC,138,3.944930254,1.170910057,-6.05917161,0.076999962,8.538461547,10.6865208,1431.716925,2.52510965,0.187130746,1.22846154
0,0,0,0,0.142857143,0,0,0,0,0,0,0.285714286,0.285714286,0.285714286,0,0,0,0,0,0,0,0,0,0,FCC + BCC,212,5.123177532,1.170192763,-9.469387774,0.097079812,8.142857151,11.23935749,1376.617144,1.633927407,0.256638451,1.355714287
0,0,0,0,0.2,0,0,0,0,0,0,0.266666667,0.266666667,0.266666667,0,0,0,0,0,0,0,0,0,0,FCC + BCC,385,5.804983773,1.169576917,-11.94666668,0.109390229,7.800000009,11.46807389,1328.864001,1.275628673,0.305765189,1.466000001
0,0,0,0,0,0,0,0,0,0.25,0,0.25,0.25,0.25,0,0,0,0,0,0,0,0,0,0,FCC,,0.302115885,1.008681822,-3.75,0.096695398,8.25,11.52629264,1598.75,4.914042763,0.14057444,1.04
0,0,0,0,0,0,0,0,0,0.25,0,0.25,0.25,0.25,0,0,0,0,0,0,0,0,0,0,FCC,116,0.302115885,1.008681822,-3.75,0.096695398,8.25,11.52629264,1598.75,4.914042763,0.14057444,1.04
0,0,0,0,0,0,0,0,0,0.25,0,0.25,0.25,0.25,0,0,0,0,0,0,0,0,0,0,FCC,113,0.302115885,1.008681822,-3.75,0.096695398,8.25,11.52629264,1598.75,4.914042763,0.14057444,1.04
0,0,0,0,0,0,0,0,0,0.222222222,0,0.222222222,0.222222222,0.222222222,0,0,0,0,0,0.111111111,0,0,0,0,FCC + Im,210,2.913948623,1.107770383,-4.345679004,0.140457805,7.999999992,13.14594488,1712.555554,5.180585333,0.187360011,1.078888888
0,0,0,0,0,0,0,0,0,0.243724104,0,0.243724104,0.243724104,0.243724104,0,0,0,0,0.025103583,0,0,0,0,0,FCC + Im,,2.297778546,1.168651374,-5.473010994,0.101487899,8.168413347,12.21211239,1620.79722,3.61653902,0.164098813,1.047029002
0,0,0,0,0,0,0,0,0,0.240673887,0,0.240673887,0.240673887,0.240673887,0,0,0,0,0.037304452,0,0,0,0,0,FCC + Im,,2.770916018,1.168522038,-6.276635922,0.103631001,8.128760531,12.42064515,1631.512635,3.22855105,0.174403102,1.050445247
0,0,0,0,0,0,0,0,0,0.237755587,0,0.237755587,0.237755587,0.237755587,0,0,0,0,0.048977651,0,0,0,0,0,FCC + Im,,3.14608013,1.168398518,-7.02481272,0.105576867,8.090822626,12.58718883,1641.76462,2.941744089,0.183726443,1.053713741
0,0,0,0,0,0,0,0,0,0.232072407,0,0.232072407,0.232072407,0.232072407,0,0,0,0,0.071710374,0,0,0,0,0,FCC + Im,,3.743532811,1.168158594,-8.423759845,0.109093533,8.016941301,12.84520891,1661.729639,2.53393553,0.200648695,1.060078907
0,0,0,0,0,0,0,0,0,0.226654578,0,0.226654578,0.226654578,0.226654578,0,0,0,0,0.093381686,0,0,0,0,0,FCC + Im,,4.20565845,1.167930634,-9.685938493,0.112136078,7.946509504,13.02986561,1680.762463,2.261020863,0.215542536,1.06614687
0,0,0,0,0,0,0,0.2,0,0.2,0,0.2,0.2,0.2,0,0,0,0,0,0,0,0,0,0,FCC,,6.680561833,1.196867657,-16.32,0.141506184,7.4,13.38161136,1612.6,1.322254073,0.255531634,1.06
0,0,0,0,0,0,0,0.090909091,0,0.181818182,0,0.181818182,0.272727273,0.272727273,0,0,0,0,0,0,0,0,0,0,FCC,509,4.88503595,1.198439789,-10.74380167,0.121865662,8.090909099,12.85913696,1582.545456,1.89413109,0.194966066,1.05909091
0,0,0,0,0,0,0,0.166666667,0,0.166666667,0,0.166666667,0.25,0.25,0,0,0,0,0,0,0,0,0,0,FCC + Im,654,6.247995391,1.197331716,-15.61111115,0.138230383,7.750000006,13.21190489,1589.666668,1.345357459,0.233171967,1.065833334
0,0,0,0,0.058823529,0,0,0,0,0.235294118,0,0.235294118,0.235294118,0.235294118,0,0,0,0,0,0,0,0,0,0,FCC,110,3.478013805,1.171066633,-6.754325251,0.106026046,7.941176481,12.70837101,1543.548237,2.904210701,0.22070801,1.155882353
0,0,0,0,0.058823529,0,0,0,0,0.235294118,0,0.235294118,0.235294118,0.235294118,0,0,0,0,0,0,0,0,0,0,FCC,113,3.478013805,1.171066633,-6.754325251,0.106026046,7.941176481,12.70837101,1543.548237,2.904210701,0.22070801,1.155882353
0,0,0,0,0.085714286,0,0,0,0,0.228571429,0,0.228571429,0.228571429,0.228571429,0,0,0,0,0,0,0,0,0,0,FCC,131,4.11713403,1.170773755,-7.993469425,0.109565375,7.800000015,12.97037544,1518.313146,2.463647571,0.249729209,1.208857146
0,0,0,0,0.085714286,0,0,0,0,0.228571429,0,0.228571429,0.228571429,0.228571429,0,0,0,0,0,0,0,0,0,0,FCC,196,4.11713403,1.170773755,-7.993469425,0.109565375,7.800000015,12.97037544,1518.313146,2.463647571,0.249729209,1.208857146
0,0,0,0,0.111111111,0,0,0,0,0.222222222,0,0.222222222,0.222222222,0.222222222,0,0,0,0,0,0,0,0,0,0,FCC + BCC,159,4.602314544,1.17049825,-9.086419735,0.112546287,7.666666659,13.14594488,1494.479999,2.162166426,0.274771845,1.258888888
0,0,0,0,0.111111111,0,0,0,0,0.222222222,0,0.222222222,0.222222222,0.222222222,0,0,0,0,0,0,0,0,0,0,FCC + BCC,209,4.602314544,1.17049825,-9.086419735,0.112546287,7.666666659,13.14594488,1494.479999,2.162166426,0.274771845,1.258888888
0,0,0,0,0.14893617,0,0,0,0,0.212765957,0,0.212765957,0.212765957,0.212765957,0,0,0,0,0,0,0,0,0,0,FCC + BCC + B2,624,5.18269723,1.170089892,-10.57492074,0.116392897,7.468085091,13.30882984,1458.983827,1.836171444,0.309017903,1.333404253
0,0,0,0,0.157894737,0,0,0,0,0.210526316,0,0.210526316,0.210526316,0.210526316,0,0,0,0,0,0,0,0,0,0,FCC + BCC,388,5.300811692,1.169993518,-10.90304711,0.117206639,7.421052639,13.33280705,1450.576844,1.773840007,0.316704227,1.351052633
0,0,0,0,0.157894737,0,0,0,0,0.210526316,0,0.210526316,0.210526316,0.210526316,0,0,0,0,0,0,0,0,0,0,FCC + BCC,280,5.300811692,1.169993518,-10.90304711,0.117206639,7.421052639,13.33280705,1450.576844,1.773840007,0.316704227,1.351052633
0,0,0,0,0.179487179,0,0,0,0,0.205128205,0,0.205128205,0.205128205,0.205128205,0,0,0,0,0,0,0,0,0,0,FCC + BCC,,5.560415375,1.169761771,-11.65548978,0.119022978,7.307692302,13.37038155,1430.313845,1.640758322,0.334677229,1.393589742
0,0,0,0,0.179487179,0,0,0,0,0.205128205,0,0.205128205,0.205128205,0.205128205,0,0,0,0,0,0,0,0,0,0,BCC,538,5.560415375,1.169761771,-11.65548978,0.119022978,7.307692302,13.37038155,1430.313845,1.640758322,0.334677229,1.393589742
0,0,0,0,0.179487179,0,0,0,0,0.205128205,0,0.205128205,0.205128205,0.205128205,0,0,0,0,0,0,0,0,0,0,FCC + BCC,361,5.560415375,1.169761771,-11.65548978,0.119022978,7.307692302,13.37038155,1430.313845,1.640758322,0.334677229,1.393589742
0,0,0,0,0.2,0,0,0,0,0.2,0,0.2,0.2,0.2,0,0,0,0,0,0,0,0,0,0,BCC,484,5.777889559,1.169542311,-12.32,0.120565335,7.2,13.38161136,1411.064,1.532655037,0.351110831,1.434
0,0,0,0,0.2,0,0,0,0,0.2,0,0.2,0.2,0.2,0,0,0,0,0,0,0,0,0,0,FCC + BCC,433,5.777889559,1.169542311,-12.32,0.120565335,7.2,13.38161136,1411.064,1.532655037,0.351110831,1.434
0,0,0,0,0.2,0,0,0,0,0.2,0,0.2,0.2,0.2,0,0,0,0,0,0,0,0,0,0,BCC,395,5.777889559,1.169542311,-12.32,0.120565335,7.2,13.38161136,1411.064,1.532655037,0.351110831,1.434
0,0,0,0,0.2,0,0,0,0,0.2,0,0.2,0.2,0.2,0,0,0,0,0,0,0,0,0,0,BCC,,5.777889559,1.169542311,-12.32,0.120565335,7.2,13.38161136,1411.064,1.532655037,0.351110831,1.434
0,0,0,0,0.2,0,0,0,0,0.2,0,0.2,0.2,0.2,0,0,0,0,0,0,0,0,0,0,BCC,,5.777889559,1.169542311,-12.32,0.120565335,7.2,13.38161136,1411.064,1.532655037,0.351110831,1.434
0,0,0,0,0.2,0,0,0,0,0.2,0,0.2,0.2,0.2,0,0,0,0,0,0,0,0,0,0,BCC,,5.777889559,1.169542311,-12.32,0.120565335,7.2,13.38161136,1411.064,1.532655037,0.351110831,1.434
0,0,0,0,0.2,0,0,0,0,0.2,0,0.2,0.2,0.2,0,0,0,0,0,0,0,0,0,0,BCC,,5.777889559,1.169542311,-12.32,0.120565335,7.2,13.38161136,1411.064,1.532655037,0.351110831,1.434
0,0,0,0,0.2,0,0,0,0,0.2,0,0.2,0.2,0.2,0,0,0,0,0,0,0,0,0,0,BCC,,5.777889559,1.169542311,-12.32,0.120565335,7.2,13.38161136,1411.064,1.532655037,0.351110831,1.434
0,0,0,0,0.2,0,0,0,0,0.2,0,0.2,0.2,0.2,0,0,0,0,0,0,0,0,0,0,BCC,,5.777889559,1.169542311,-12.32,0.120565335,7.2,13.38161136,1411.064,1.532655037,0.351110831,1.434
0,0,0,0,0.2,0,0,0,0,0.2,0,0.2,0.2,0.2,0,0,0,0,0,0,0,0,0,0,BCC,520,5.777889559,1.169542311,-12.32,0.120565335,7.2,13.38161136,1411.064,1.532655037,0.351110831,1.434
0,0,0,0,0.238095238,0,0,0,0,0.19047619,0,0.19047619,0.19047619,0.19047619,0,0,0,0,0,0,0,0,0,0,BCC,487,6.117619363,1.169136543,-13.42403624,0.122978899,6.999999984,13.34553279,1375.314283,1.367271477,0.380232797,1.509047617
0,0,0,0,0.238095238,0,0,0,0,0.19047619,0,0.19047619,0.19047619,0.19047619,0,0,0,0,0,0,0,0,0,0,BCC,499,6.117619363,1.169136543,-13.42403624,0.122978899,6.999999984,13.34553279,1375.314283,1.367271477,0.380232797,1.509047617
0,0,0,0,0.272727273,0,0,0,0,0.181818182,0,0.181818182,0.181818182,0.181818182,0,0,0,0,0,0,0,0,0,0,BCC,484,6.364565805,1.168769678,-14.28099176,0.124688041,6.818181825,13.25463943,1342.814547,1.246308585,0.405374203,1.577272729
0,0,0,0,0.272727273,0,0,0,0,0.181818182,0,0.181818182,0.181818182,0.181818182,0,0,0,0,0,0,0,0,0,0,BCC,517,6.364565805,1.168769678,-14.28099176,0.124688041,6.818181825,13.25463943,1342.814547,1.246308585,0.405374203,1.577272729
0,0,0,0,0.272727273,0,0,0,0,0.181818182,0,0.181818182,0.181818182,0.181818182,0,0,0,0,0,0,0,0,0,0,BCC,402,6.364565805,1.168769678,-14.28099176,0.124688041,6.818181825,13.25463943,1342.814547,1.246308585,0.405374203,1.577272729
0,0,0,0,0.333333333,0,0,0,0,0.166666667,0,0.166666667,0.166666667,0.166666667,0,0,0,0,0,0,0,0,0,0,BCC,509,6.678014893,1.168132234,-15.44444446,0.126622799,6.50000001,12.97646836,1285.940002,1.08045063,0.446833133,1.696666667
0,0,0,0,0.333333333,0,0,0,0,0.166666667,0,0.166666667,0.166666667,0.166666667,0,0,0,0,0,0,0,0,0,0,BCC,512,6.678014893,1.168132234,-15.44444446,0.126622799,6.50000001,12.97646836,1285.940002,1.08045063,0.446833133,1.696666667
0,0,0,0,0.333333333,0,0,0,0,0.166666667,0,0.166666667,0.166666667,0.166666667,0,0,0,0,0,0,0,0,0,0,BCC,432,6.678014893,1.168132234,-15.44444446,0.126622799,6.50000001,12.97646836,1285.940002,1.08045063,0.446833133,1.696666667
0,0,0,0,0.384615385,0,0,0,0,0.153846154,0,0.153846154,0.153846154,0.153846154,0,0,0,0,0,0,0,0,0,0,BCC,487,6.841679614,1.167597349,-16.09467459,0.127246674,6.230769237,12.63285037,1237.815386,0.971572086,0.479699753,1.797692309
0,0,0,0,0.428571429,0,0,0,0,0.142857143,0,0.142857143,0.142857143,0.142857143,0,0,0,0,0,0,0,0,0,0,BCC,506,6.916236849,1.167142114,-16.4081633,0.127054544,6.000000006,12.26446685,1196.565715,0.894386549,0.506342303,1.884285716
0,0,0.019607843,0,0.196078431,0,0,0,0,0.196078431,0,0.196078431,0.196078431,0.196078431,0,0,0,0,0,0,0,0,0,0,BCC + Im,,8.009933434,1.8451466,-15.34794302,0.160336535,7.137254888,13.92164696,1453.003918,1.317975155,0.378731374,1.482745095
0,0,0.038461538,0,0.192307692,0,0,0,0,0.192307692,0,0.192307692,0.192307692,0.192307692,0,0,0,0,0,0,0,0,0,0,BCC + Im,,9.668804685,1.848917748,-18.13609455,0.189783432,7.076923064,14.22238786,1493.330765,1.171075133,0.404367197,1.529615381
0,0,0.056603774,0,0.188679245,0,0,0,0,0.188679245,0,0.188679245,0.188679245,0.188679245,0,0,0,0,0,0,0,0,0,0,BCC + Im,,11.01996944,1.852583228,-20.7048772,0.213397812,7.018867916,14.43271169,1532.135849,1.068003193,0.428375222,1.574716981
0,0,0.074074074,0,0.185185185,0,0,0,0,0.185185185,0,0.185185185,0.185185185,0.185185185,0,0,0,0,0,0,0,0,0,0,BCC + Im,,12.16929417,1.856147432,-23.07270229,0.233101001,6.962962956,14.5858318,1569.503702,0.992190543,0.451015896,1.618148147
0,0,0.090909091,0,0.181818182,0,0,0,0,0.181818182,0,0.181818182,0.181818182,0.181818182,0,0,0,0,0,0,0,0,0,0,BCC + Im,,13.17225701,1.859614507,-25.2561984,0.249938836,6.909090916,14.69798669,1605.512729,0.934337161,0.472486228,1.660000002
0,0,0.166666667,0,0.166666667,0,0,0,0,0.166666667,0,0.166666667,0.166666667,0.166666667,0,0,0,0,0,0,0,0,0,0,BCC + Im,,16.85609557,1.875623318,-33.88888902,0.308040402,6.66666668,14.89751714,1767.553337,0.77701444,0.566713565,1.848333337
0,0,0.230769231,0,0.153846154,0,0,0,0,0.153846154,0,0.153846154,0.153846154,0.153846154,0,0,0,0,0,0,0,0,0,0,BCC + Im,,19.28352212,1.889713254,-39.66863913,0.342019758,6.461538468,14.78505435,1904.664617,0.709895033,0.645823938,2.00769231
0,0,0,0,0.1,0,0,0,0,0.2,0,0.2,0.2,0.2,0,0,0,0,0,0.1,0,0,0,0,FCC + Im,425,4.881642944,1.169941309,-8.68,0.152581126,7.5,14.53424062,1607.332,2.691399775,0.296892906,1.272
0,0,0,0,0.2,0,0,0,0,0.2,0,0.2,0.1,0.2,0,0,0,0,0,0.1,0,0,0,0,BCC + Im,801,5.929576826,1.168899422,-11.72,0.165239221,6.9,14.53424062,1523.864,1.889778673,0.385401226,1.47
0,0,0,0,0.2,0,0,0,0,0.2,0,0.1,0.2,0.2,0,0,0,0,0,0.1,0,0,0,0,BCC + Im,755,5.875050873,1.168842305,-12.56,0.166640331,7,14.53424062,1519.564,1.758416307,0.385723389,1.468
0,0,0,0,0.196078431,0,0,0,0,0.196078431,0,0.117647059,0.196078431,0.196078431,0,0,0,0,0,0.098039216,0,0,0,0,BCC + Im,754,5.851718793,1.168903904,-12.31833907,0.165019543,7.019607836,14.61094927,1519.925489,1.802804265,0.381743831,1.45980392
0,0,0,0,0.196078431,0,0,0,0,0.196078431,0,0.196078431,0.196078431,0.196078431,0,0,0,0,0,0.019607843,0,0,0,0,BCC,,5.777562954,1.169452821,-12.13379465,0.130599128,7.176470574,13.92164696,1434.827448,1.646241902,0.355986772,1.433137252
0,0,0,0,0.192307692,0,0,0,0,0.192307692,0,0.192307692,0.192307692,0.192307692,0,0,0,0,0,0.038461538,0,0,0,0,BCC + Im,,5.774864726,1.169366879,-11.95266268,0.139188795,7.15384614,14.22238786,1457.67692,1.734479344,0.359852223,1.432307689
0,0,0,0,0.188679245,0,0,0,0,0.188679245,0,0.188679245,0.188679245,0.188679245,0,0,0,0,0,0.056603774,0,0,0,0,BCC + Im,,5.770073851,1.169284279,-11.77643287,0.146647598,7.132075464,14.43271169,1479.66415,1.813415515,0.362883192,1.431509433
0,0,0,0,0.185185185,0,0,0,0,0.185185185,0,0.185185185,0.185185185,0.185185185,0,0,0,0,0,0.074074074,0,0,0,0,BCC + Im,,5.763434847,1.169204829,-11.60493825,0.153191919,7.111111104,14.5858318,1500.837036,1.886348388,0.365219603,1.430740739
0,0,0,0,0.2,0,0,0,0,0.2,0,0.2,0.2,0.1,0,0,0,0,0,0.1,0,0,0,0,B2 + Im,708,5.903744087,1.168870858,-11.08,0.163587897,6.8,14.53424062,1527.864,2.004182583,0.383627055,1.457
0,0,0,0,0.181818182,0,0,0,0,0.181818182,0,0.181818182,0.181818182,0.181818182,0,0,0,0,0,0.090909091,0,0,0,0,BCC + Im,,5.755162633,1.169128353,-11.43801655,0.158979182,7.090909098,14.69798669,1521.240002,1.954811412,0.3669741,1.430000001
0,0,0,0,0.181818182,0,0,0,0,0.181818182,0,0.181818182,0.181818182,0.181818182,0,0,0,0,0,0.090909091,0,0,0,0,BCC + Im,796,5.755162633,1.169128353,-11.43801655,0.158979182,7.090909098,14.69798669,1521.240002,1.954811412,0.3669741,1.430000001
0,0,0,0,0.181818182,0,0,0,0,0.181818182,0,0.181818182,0.181818182,0.181818182,0,0,0,0,0,0.090909091,0,0,0,0,BCC + Im,715,5.755162633,1.169128353,-11.43801655,0.158979182,7.090909098,14.69798669,1521.240002,1.954811412,0.3669741,1.430000001
0,0,0,0,0.181818182,0,0,0,0,0.181818182,0,0.181818182,0.181818182,0.181818182,0,0,0,0,0,0.090909091,0,0,0,0,B2 + Im,730,5.755162633,1.169128353,-11.43801655,0.158979182,7.090909098,14.69798669,1521.240002,1.954811412,0.3669741,1.430000001
0,0,0,0,0.166666667,0,0,0,0,0.166666667,0,0.166666667,0.166666667,0.25,0,0,0,0,0,0.083333333,0,0,0,0,FCC + B2 + Im,586,5.610029219,1.169343653,-11.5277778,0.154567048,7.33333334,14.5349732,1515.720001,1.911118515,0.352313595,1.407500002
0,0,0,0,0.153846154,0,0,0,0,0.153846154,0,0.153846154,0.153846154,0.307692308,0,0,0,0,0,0.076923077,0,0,0,0,FCC + B2 + Im,395,5.470647569,1.169526345,-11.45562132,0.150391993,7.538461546,14.23307239,1511.049232,1.877407824,0.339278097,1.38846154
0,0,0,0,0.166666667,0,0,0,0,0.166666667,0,0.166666667,0.25,0.166666667,0,0,0,0,0,0.083333333,0,0,0,0,BCC + Im,741,5.590730138,1.169319699,-11.08333336,0.153342391,7.250000007,14.5349732,1519.053334,1.992126267,0.350959777,1.396666668
0,0,0,0,0.153846154,0,0,0,0,0.153846154,0,0.153846154,0.307692308,0.153846154,0,0,0,0,0,0.076923077,0,0,0,0,FCC + BCC + Im,586,5.436637093,1.169482013,-10.69822487,0.14824017,7.384615392,14.23307239,1517.203078,2.018508818,0.336873927,1.36846154
0,0,0,0,0.166666667,0,0,0,0,0.166666667,0,0.25,0.166666667,0.166666667,0,0,0,0,0,0.083333333,0,0,0,0,BCC + Im,635,5.631334724,1.169367616,-10.50000003,0.152285824,7.166666674,14.5349732,1522.636668,2.107760295,0.350716453,1.398333335
0,0,0,0,0.153846154,0,0,0,0,0.153846154,0,0.307692308,0.153846154,0.153846154,0,0,0,0,0,0.076923077,0,0,0,0,BCC + Im,639,5.508115624,1.169570705,-9.704142031,0.146372306,7.230769238,14.23307239,1523.818463,2.234985682,0.336443523,1.371538463
0,0,0,0,0.25,0,0,0,0,0.166666667,0,0.166666667,0.166666667,0.166666667,0,0,0,0,0,0.083333333,0,0,0,0,BCC + Im,655,6.226149559,1.168457975,-13.19444447,0.162196297,6.750000009,14.5349732,1449.496668,1.596762583,0.418981752,1.561666668
0,0,0,0,0.307692308,0,0,0,0,0.153846154,0,0.153846154,0.153846154,0.153846154,0,0,0,0,0,0.076923077,0,0,0,0,BCC,605,6.490520543,1.167895687,-14.29585802,0.163511757,6.461538468,14.23307239,1388.790771,1.382691375,0.45989978,1.673076925
0,0,0,0,0.196078431,0,0,0,0,0.196078431,0,0.196078431,0.196078431,0.196078431,0,0,0,0,0.019607843,0,0,0,0,0,BCC,569,5.918861199,1.169378332,-13.31795457,0.12190182,7.156862731,13.92164696,1431.964703,1.496874534,0.35661243,1.431764703
0,0,0,0,0.19047619,0,0,0,0,0.19047619,0,0.19047619,0.19047619,0.19047619,0,0,0,0,0.047619048,0,0,0,0,0,BCC + Im,668,6.098683254,1.169144734,-14.65759634,0.123615232,7.09523808,14.33614643,1461.822855,1.4297642,0.364219353,1.428571426
0,0,0,0,0.181818182,0,0,0,0,0.181818182,0,0.181818182,0.181818182,0.181818182,0,0,0,0,0.090909091,0,0,0,0,0,BCC + Im,747,6.331848466,1.168785234,-16.52892565,0.125829479,7.000000007,14.69798669,1507.967274,1.340927014,0.375390957,1.423636365
0,0,0,0,0.173913043,0,0,0,0,0.173913043,0,0.173913043,0.173913043,0.173913043,0,0,0,0,0.130434783,0,0,0,0,0,BCC + Im,,6.502441224,1.168458592,-18.02646498,0.127411335,6.913043463,14.8556466,1550.099128,1.277439857,0.384963384,1.419130432
0,0,0,0,0.192307692,0.038461538,0,0,0,0.192307692,0,0.192307692,0.192307692,0.192307692,0,0,0,0,0,0,0,0,0,0,BCC,,6.01849656,1.263554663,-16.39053244,0.120529527,7.076923064,14.22238786,1411.17692,1.224506011,0.385059098,1.532692304
0,0,0,0,0.185185185,0.074074074,0,0,0,0.185185185,0,0.185185185,0.185185185,0.185185185,0,0,0,0,0,0,0,0,0,0,BCC,,6.213811098,1.263996483,-19.83539091,0.120333328,6.962962956,14.5858318,1411.28148,1.037777092,0.41508205,1.624074072
0,0,0,0,0.178571429,0.107142857,0,0,0,0.178571429,0,0.178571429,0.178571429,0.178571429,0,0,0,0,0,0,0,0,0,0,BCC,,6.373344249,1.264408327,-22.7551021,0.120010097,6.857142872,14.77893998,1411.378574,0.916659444,0.442026967,1.708928574
0,0,0,0,0.172413793,0.137931034,0,0,0,0.172413793,0,0.172413793,0.172413793,0.172413793,0,0,0,0,0,0,0,0,0,0,BCC + Im,,6.504079925,1.264793147,-25.23186675,0.119586088,6.758620684,14.87154997,1411.468964,0.831913526,0.466469594,1.787931032
0,0,0,0,0.166666667,0.166666667,0,0,0,0.166666667,0,0.166666667,0.166666667,0.166666667,0,0,0,0,0,0,0,0,0,0,BCC,,6.611299925,1.265153516,-27.33333344,0.119082138,6.66666668,14.89751714,1411.553336,0.769340486,0.488823565,1.86166667
0,0,0,0,0.166666667,0.166666667,0,0,0,0.166666667,0,0.166666667,0.166666667,0.166666667,0,0,0,0,0,0,0,0,0,0,BCC + Im,,6.611299925,1.265153516,-27.33333344,0.119082138,6.66666668,14.89751714,1411.553336,0.769340486,0.488823565,1.86166667
0,0,0,0,0.035087719,0,0,0.087719298,0,0.175438596,0,0.175438596,0.263157895,0.263157895,0,0,0,0,0,0,0,0,0,0,FCC,487,5.341798241,1.198043173,-12.40381651,0.125139503,7.912280698,13.67178163,1550.186665,1.708652619,0.233085005,1.127543858
0,0,0,0,0.032258065,0,0,0.161290323,0,0.161290323,0,0.161290323,0.241935484,0.241935484,0,0,0,0,0,0,0,0,0,0,FCC + Im,717,6.456058978,1.197007219,-16.96149853,0.139486292,7.596774205,13.97057413,1559.687745,1.2846585,0.262520352,1.12854839
0,0,0,0,0.090909091,0,0,0.181818182,0,0.181818182,0,0.181818182,0.181818182,0.181818182,0,0,0,0,0,0,0,0,0,0,BCC + Im,,7.044038511,1.196003144,-19.57024797,0.14199872,7.000000007,14.69798669,1526.029092,1.146104807,0.32745774,1.237272729
0,0,0,0,0.181818182,0,0,0.090909091,0,0.181818182,0,0.181818182,0.181818182,0.181818182,0,0,0,0,0,0,0,0,0,0,FCC,178,6.717619519,1.196184774,-17.91735541,0.133775438,6.909090916,14.69798669,1434.42182,1.176686644,0.367517745,1.407272729
0,0,0,0,0.181818182,0,0,0.090909091,0,0.181818182,0,0.181818182,0.181818182,0.181818182,0,0,0,0,0,0,0,0,0,0,BCC,178,6.717619519,1.196184774,-17.91735541,0.133775438,6.909090916,14.69798669,1434.42182,1.176686644,0.367517745,1.407272729
0,0,0,0,0.166666667,0,0,0.166666667,0,0.166666667,0,0.166666667,0.166666667,0.166666667,0,0,0,0,0,0,0,0,0,0,BCC,,7.220787893,1.195289621,-21.55555564,0.141352593,6.66666668,14.89751714,1453.88667,1.004812956,0.379079808,1.385000003
0,0,0,0,0.166666667,0,0,0.166666667,0,0.166666667,0,0.166666667,0.166666667,0.166666667,0,0,0,0,0,0,0,0,0,0,BCC + Im,,7.220787893,1.195289621,-21.55555564,0.141352593,6.66666668,14.89751714,1453.88667,1.004812956,0.379079808,1.385000003
0,0,0,0,0.153846154,0,0,0.230769231,0,0.153846154,0,0.153846154,0.153846154,0.153846154,0,0,0,0,0,0,0,0,0,0,BCC + Im,,7.498181256,1.194539778,-23.90532549,0.145728125,6.461538468,14.78505435,1470.356925,0.909391803,0.387208549,1.366153848
0,0,0,0,0.230769231,0,0,0.153846154,0,0.153846154,0,0.153846154,0.153846154,0.153846154,0,0,0,0,0,0,0,0,0,0,BCC,,7.291623003,1.194690706,-22.72189354,0.140046484,6.384615391,14.78505435,1392.843078,0.906317979,0.418899893,1.510000002
0,0,0,0,0.285714286,0,0,0.142857143,0,0.142857143,0,0.142857143,0.142857143,0.142857143,0,0,0,0,0,0,0,0,0,0,BCC,643,7.298999658,1.194180837,-23.34693882,0.138357715,6.142857149,14.53258396,1340.520001,0.83442286,0.450772218,1.617142859
0,0,0,0,0.125,0,0,0.125,0.125,0.125,0,0.125,0.125,0.125,0,0,0,0.125,0,0,0,0,0,0,Unknown,780,9.337888365,1.324070748,-26.75,0.181998455,6.125,17.28943896,1561.04,1.008953488,0.444541548,1.3375
0,0,0,0,0,0,0,0,0,0.2,0.2,0.2,0.2,0.2,0,0,0,0,0,0,0,0,0,0,FCC,176,3.269463577,1.095797815,-4.16,0.138361844,8,13.38161136,1528.2,4.915812134,0.137723572,1.042
0,0,0,0,0,0,0,0,0,0.2,0.2,0.2,0.2,0.2,0,0,0,0,0,0,0,0,0,0,FCC,144,3.269463577,1.095797815,-4.16,0.138361844,8,13.38161136,1528.2,4.915812134,0.137723572,1.042
0,0,0,0,0,0,0,0,0.047619048,0.19047619,0.19047619,0.19047619,0.19047619,0.19047619,0,0,0,0,0,0,0,0,0,0,FCC,151,3.287511249,1.09572337,-5.297052144,0.138098522,7.85714284,14.33614643,1546.380949,4.185185103,0.164303501,1.035238093
0,0,0,0,0,0,0,0,0.090909091,0.181818182,0.181818182,0.181818182,0.181818182,0.181818182,0,0,0,0,0,0,0,0,0,0,FCC,186,3.295001534,1.095655813,-6.214876045,0.137594445,7.727272735,14.69798669,1562.909092,3.696230925,0.184720889,1.02909091
0,0,0,0,0,0,0,0,0.130434783,0.173913043,0.173913043,0.173913043,0.173913043,0.173913043,0,0,0,0,0,0,0,0,0,0,FCC + Im,342,3.294550411,1.095594231,-6.956521723,0.136911656,7.608695635,14.8556466,1577.999997,3.369817737,0.20113378,1.023478259
0,0,0,0,0,0,0,0,0.166666667,0.166666667,0.166666667,0.166666667,0.166666667,0.166666667,0,0,0,0,0,0,0,0,0,0,FCC + Im,650,3.288078434,1.095537865,-7.555555586,0.136096371,7.500000015,14.89751714,1591.833337,3.138665866,0.214681461,1.018333335
0,0,0,0,0.019607843,0,0,0,0,0.196078431,0.196078431,0.196078431,0.196078431,0.196078431,0,0,0,0,0,0,0,0,0,0,FCC,180,3.694934361,1.170305983,-5.244136844,0.138695521,7.901960769,13.92164696,1511.182742,4.011747452,0.16810457,1.080588233
0,0,0,0,0.038461538,0,0,0,0,0.192307692,0.192307692,0.192307692,0.192307692,0.192307692,0,0,0,0,0,0,0,0,0,0,FCC,171,4.04378633,1.170125328,-6.242603505,0.138952122,7.807692294,14.22238786,1494.819997,3.405615903,0.193172401,1.117692305
0,0,0,0,0.07063197,0,0,0,0,0.185873606,0.185873606,0.185873606,0.185873606,0.185873606,0,0,0,0,0,0,0,0,0,0,FCC,182,4.541597745,1.16981813,-7.846768274,0.13924551,7.64684015,14.55887963,1466.899926,2.721683463,0.230317357,1.181003717
0,0,0,0,0.079189687,0,0,0,0,0.184162063,0.184162063,0.184162063,0.184162063,0.184162063,0,0,0,0,0,0,0,0,0,0,FCC + BCC,183,4.657620599,1.169736636,-8.252359712,0.139293007,7.604051581,14.62325121,1459.472858,2.586198248,0.239351989,1.197845306
0,0,0,0,0.089253188,0,0,0,0,0.182149362,0.182149362,0.182149362,0.182149362,0.182149362,0,0,0,0,0,0,0,0,0,0,FCC + BCC,220,4.786606602,1.169640922,-8.717953813,0.139332476,7.553734044,14.68830477,1450.73894,2.444254253,0.249621306,1.217650272
0,0,0,0,0.100719424,0,0,0,0,0.179856115,0.179856115,0.179856115,0.179856115,0.179856115,0,0,0,0,0,0,0,0,0,0,FCC + BCC,278,4.924556931,1.169532024,-9.233476494,0.139355879,7.496402872,14.74983251,1440.787625,2.301557399,0.260908995,1.240215825
0,0,0,0,0.110320285,0,0,0,0,0.177935943,0.177935943,0.177935943,0.177935943,0.177935943,0,0,0,0,0,0,0,0,0,0,FCC + BCC,405,5.033258999,1.169440971,-9.652866618,0.139357813,7.448398575,14.79200028,1432.455231,2.195086602,0.270060089,1.259110321
0,0,0,0,0.11971831,0,0,0,0,0.176056338,0.176056338,0.176056338,0.176056338,0.176056338,0,0,0,0,0,0,0,0,0,0,FCC + BCC,486,5.134086633,1.169351955,-10.05256894,0.139344115,7.40140845,14.82570199,1424.298873,2.100580534,0.278780162,1.277605634
0,0,0,0,0.130434783,0,0,0,0,0.173913043,0.173913043,0.173913043,0.173913043,0.173913043,0,0,0,0,0,0,0,0,0,0,FCC + BCC,530,5.242763227,1.169250588,-10.49527409,0.139309667,7.347826069,14.8556466,1414.998257,2.002874234,0.288463661,1.298695651
0,0,0,0,0.139414802,0,0,0,0,0.17211704,0.17211704,0.17211704,0.17211704,0.17211704,0,0,0,0,0,0,0,0,0,0,FCC + BCC,539,5.328972902,1.169165758,-10.85551948,0.139265342,7.302926006,14.87422611,1407.204685,1.928150993,0.296383395,1.316368332
0,0,0,0,0.149659864,0,0,0,0,0.170068027,0.170068027,0.170068027,0.170068027,0.170068027,0,0,0,0,0,0,0,0,0,0,FCC + BCC,533,5.422230535,1.169069102,-11.25456984,0.139197537,7.251700672,14.88861082,1398.313196,1.849821118,0.305220335,1.336530611
0,0,0,0,0.159663866,0,0,0,0,0.168067227,0.168067227,0.168067227,0.168067227,0.168067227,0,0,0,0,0,0,0,0,0,0,FCC + BCC,535,5.508329724,1.168974848,-11.63194693,0.13911358,7.201680678,14.89603247,1389.630926,1.779580625,0.313661128,1.356218489
0,0,0,0,0.2,0,0,0,0,0.16,0.16,0.16,0.16,0.16,0,0,0,0,0,0,0,0,0,0,BCC,539,5.810482407,1.168596092,-13.0304,0.138596392,7,14.86586633,1354.624,1.545436772,0.346070426,1.4356
0,0,0,0,0,0,0,0,0,0.333333333,0,0,0.333333333,0.333333333,0,0,0,0,0,0,0,0,0,0,FCC,100,0.164559904,1.004323664,-4.888888879,0.111455023,8.333333325,9.134370805,1618.999998,3.024929935,0.153973753,1.036666666
0,0,0,0,0,0,0,0,0,0,0.333333333,0,0.333333333,0.333333333,0,0,0,0,0,0,0,0,0,0,FCC,,3.734682621,1.09064496,-5.777777766,0.163095064,8.666666658,9.134370805,1398.666665,2.211220381,0.023645305,1.079999999
0,0,0,0,0,0,0,0,0,0,0.333333333,0.333333333,0,0.333333333,0,0,0,0,0,0,0,0,0,0,FCC,,3.928542708,1.095426066,-4.444444436,0.154344492,8.333333325,9.134370805,1412.999999,2.904044841,0.028155055,1.086666666
0,0,0,0,0,0,0,0,0,0.25,0,0.25,0.25,0.25,0,0,0,0,0,0,0,0,0,0,FCC,,0.302115885,1.008681822,-3.75,0.096695398,8.25,11.52629264,1598.75,4.914042763,0.14057444,1.04
0,0,0,0,0,0,0,0,0,0.25,0.25,0,0.25,0.25,0,0,0,0,0,0,0,0,0,0,FCC,,3.446992938,1.090897164,-5.5,0.150499169,8,11.52629264,1525.75,3.197498364,0.15103925,1.04
0,0,0,0,0,0,0,0,0,0,0.25,0.25,0.25,0.25,0,0,0,0,0,0,0,0,0,0,FCC,,3.551249522,1.09564998,-4,0.142894192,8.5,11.52629264,1433.5,4.130735126,0.027335794,1.0725
0,0,0,0,0.111111111,0,0,0,0,0.222222222,0.222222222,0.333333333,0,0.111111111,0,0,0,0,0,0,0,0,0,0,BCC,396,5.163252281,1.169255859,-7.259259245,0.128764308,6.999999993,12.66255297,1448.368887,2.526435156,0.276964381,1.25111111
0,0,0,0,0.069767442,0,0,0,0,0.23255814,0.23255814,0.348837209,0,0.11627907,0,0,0,0,0,0,0,0,0,0,FCC + BCC,297,4.702748664,1.169639466,-5.505678762,0.129693653,7.186046518,12.32012392,1485.022327,3.323052413,0.235709919,1.169302327
0,0,0,0,0.222222222,0,0,0,0,0.222222222,0,0.222222222,0.222222222,0,0,0,0,0,0,0.111111111,0,0,0,0,B2 + Im,857,6.05086335,1.168557415,-10.27160492,0.168288406,6.444444438,13.14594488,1535.959998,1.965773181,0.40276741,1.489999999
0,0,0,0,0.25,0,0,0,0,0.25,0,0.25,0,0.25,0,0,0,0,0,0,0,0,0,0,BCC + B2,472,6.26002632,1.169071051,-13.25,0.122142335,6.75,11.52629264,1390.08,1.209242934,0.39789961,1.535
0,0,0,0,0.238095238,0,0,0,0,0.238095238,0,0.238095238,0,0.238095238,0,0,0,0,0,0.047619048,0,0,0,0,BCC + B2,549,6.204006605,1.168877658,-12.65306122,0.147442291,6.714285714,12.56917623,1448.790477,1.439185546,0.404313411,1.528095238
0,0,0,0,0.222222222,0,0,0,0,0.222222222,0,0.222222222,0,0.222222222,0,0,0,0,0,0.111111111,0,0,0,0,BCC + B2,622,6.112177399,1.168620624,-11.85185183,0.172225806,6.66666666,13.14594488,1527.07111,1.693810631,0.40691484,1.518888887
0,0,0,0,0.208333333,0,0,0,0,0.208333333,0,0.208333333,0,0.208333333,0,0,0,0,0,0.166666667,0,0,0,0,B2 + Im,854,6.01540001,1.168396488,-11.1458333,0.188402919,6.624999993,13.35141819,1595.566666,1.911304182,0.404812172,1.510833332
0,0,0,0,0.2,0,0,0,0,0.2,0,0.2,0,0.2,0,0,0,0,0,0.2,0,0,0,0,B2 + Im,905,5.949769778,1.168262349,-10.72,0.196224361,6.6,13.38161136,1636.664,2.043022535,0.401941707,1.506
0,0,0,0,0,0,0,0,0,0.25,0,0.25,0.25,0,0.25,0,0,0,0,0,0,0,0,0,FCC,134,1.110589162,1.032206789,6.25,0.094439134,8.5,11.52629264,1506.15,2.777652106,0.254552105,1
0,0,0,0,0.069767442,0,0,0,0,0.23255814,0,0.23255814,0.23255814,0,0.23255814,0,0,0,0,0,0,0,0,0,FCC,180,3.718129995,1.170510937,2.747431055,0.105313152,8.116279086,12.82599917,1447.138608,6.755765009,0.312321146,1.14023256
0,0,0,0,0.111111111,0,0,0,0,0.222222222,0,0.222222222,0.222222222,0,0.222222222,0,0,0,0,0,0,0,0,0,FCC,207,4.490794825,1.170083847,0.888888887,0.110364156,7.888888881,13.14594488,1412.168887,20.88483119,0.342898426,1.223333332
0,0,0,0,0.166666667,0,0,0,0,0.208333333,0,0.208333333,0.208333333,0,0.208333333,0,0,0,0,0,0,0,0,0,FCC + BCC,271,5.237976425,1.169513966,-1.354166683,0.115811599,7.583333323,13.35141819,1365.178332,13.45998764,0.381039669,1.335
0,0,0,0,0.2,0,0,0,0,0.2,0,0.2,0.2,0,0.2,0,0,0,0,0,0,0,0,0,FCC + BCC,407,5.579539691,1.169174229,-2.56,0.118422971,7.4,13.38161136,1336.984,6.988671985,0.402623539,1.402
0,0,0,0,0.245283019,0,0,0,0,0.188679245,0,0.188679245,0.188679245,0,0.188679245,0,0,0,0,0,0,0,0,0,FCC + BCC,476,5.947927514,1.168715306,-4.029903884,0.121250456,7.150943387,13.33102125,1298.682263,4.296072894,0.430630857,1.493018867
0,0,0,0,0.272727273,0,0,0,0,0.181818182,0,0.181818182,0.181818182,0,0.181818182,0,0,0,0,0,0,0,0,0,FCC + BCC,510,6.126194305,1.16843862,-4.826446291,0.122582406,7.000000007,13.25463943,1275.469092,3.502759982,0.446937063,1.54818182
0,0,0,0,0.310344828,0,0,0,0,0.172413793,0,0.172413793,0.172413793,0,0.172413793,0,0,0,0,0,0,0,0,0,FCC + BCC,557,6.322887526,1.168061133,-5.802615943,0.123960601,6.793103446,13.09894835,1243.651034,2.807444231,0.46852104,1.623793104
0,0,0,0,0.333333333,0,0,0,0,0.166666667,0,0.166666667,0.166666667,0,0.166666667,0,0,0,0,0,0,0,0,0,FCC + BCC,567,6.418437313,1.167831444,-6.333333331,0.124554763,6.666666677,12.97646836,1224.206668,2.508296701,0.481285589,1.67
0,0,0,0,0.365079365,0,0,0,0,0.158730159,0,0.158730159,0.158730159,0,0.158730159,0,0,0,0,0,0,0,0,0,FCC + BCC,603,6.522120852,1.16751549,-6.98412699,0.125071912,6.492063501,12.77493652,1197.354922,2.19012815,0.498382139,1.733809525
0,0,0,0,0.384615385,0,0,0,0,0.153846154,0,0.153846154,0.153846154,0,0.153846154,0,0,0,0,0,0,0,0,0,FCC + BCC,624,6.570526308,1.167321764,-7.337278121,0.125216972,6.384615391,12.63285037,1180.83077,2.03307796,0.508591232,1.773076925
0,0,0,0,0.411764706,0,0,0,0,0.147058824,0,0.147058824,0.147058824,0,0.147058824,0,0,0,0,0,0,0,0,0,BCC,657,6.619270709,1.167053433,-7.768166111,0.125200531,6.235294134,12.41317406,1157.867062,1.850218593,0.522369014,1.827647061
0,0,0,0,0.428571429,0,0,0,0,0.142857143,0,0.142857143,0.142857143,0,0.142857143,0,0,0,0,0,0,0,0,0,BCC,644,6.639010226,1.166887841,-8.000000016,0.125063249,6.142857149,12.26446685,1143.65143,1.753284378,0.53064852,1.861428573
0,0,0,0,0,0,0,0,0,0.222222222,0,0.222222222,0.222222222,0.222222222,0.111111111,0,0,0,0,0,0,0,0,0,FCC,172,0.835312488,1.032255293,0.49382716,0.094568546,8.555555547,13.14594488,1541.622221,41.03881357,0.19661029,1.035555555
0,0,0,0,0,0,0,0,0,0.2,0,0.2,0.2,0.2,0.2,0,0,0,0,0,0,0,0,0,FCC,132,1.033203661,1.032225515,3.2,0.092217135,8.8,13.38161136,1495.92,6.25556877,0.22971508,1.032
0,0,0,0,0,0,0,0,0,0.2,0,0.2,0.2,0.2,0.2,0,0,0,0,0,0,0,0,0,FCC,286,1.033203661,1.032225515,3.2,0.092217135,8.8,13.38161136,1495.92,6.25556877,0.22971508,1.032
0,0,0,0,0,0,0,0,0,0.2,0,0.2,0.2,0.2,0.2,0,0,0,0,0,0,0,0,0,FCC,286,1.033203661,1.032225515,3.2,0.092217135,8.8,13.38161136,1495.92,6.25556877,0.22971508,1.032
0,0,0,0,0,0,0,0.090909091,0,0.181818182,0,0.181818182,0.181818182,0.181818182,0.181818182,0,0,0,0,0,0,0,0,0,FCC,,4.822178391,1.198073087,-3.702479346,0.122359719,8.363636372,14.69798669,1511.563638,6.000558044,0.262828673,1.041818183
0,0,0,0,0,0,0,0.090909091,0,0.181818182,0,0.181818182,0.181818182,0.181818182,0.181818182,0,0,0,0,0,0,0,0,0,FCC,,4.822178391,1.198073087,-3.702479346,0.122359719,8.363636372,14.69798669,1511.563638,6.000558044,0.262828673,1.041818183
0,0,0,0,0,0,0,0.137931034,0,0.172413793,0,0.172413793,0.172413793,0.172413793,0.172413793,0,0,0,0,0,0,0,0,0,FCC + Im,,5.70002416,1.197405379,-6.753864412,0.133225779,8.137931028,14.87154997,1519.655171,3.346177303,0.27773274,1.046896551
0,0,0,0,0,0,0,0.166666667,0,0.166666667,0,0.166666667,0.166666667,0.166666667,0.166666667,0,0,0,0,0,0,0,0,0,FCC,,6.117341783,1.196999978,-8.444444478,0.138764389,8.000000016,14.89751714,1524.600003,2.689668306,0.286176499,1.050000002
0,0,0,0,0.047619048,0,0,0.095238095,0,0.19047619,0,0.19047619,0.19047619,0.19047619,0.095238095,0,0,0,0,0,0,0,0,0,FCC,,5.587484948,1.19759371,-9.088435358,0.128281861,7.857142839,15.43388858,1511.691425,2.567139018,0.284207796,1.139523808
0,0,0,0,0.045454545,0,0,0.090909091,0,0.181818182,0,0.181818182,0.181818182,0.181818182,0.136363636,0,0,0,0,0,0,0,0,0,FCC,,5.45924974,1.19759694,-7.280991733,0.127374148,8.000000001,15.54808023,1492.278182,3.186662168,0.2912876,1.133181817
0,0,0,0,0.056603774,0,0,0,0,0.188679245,0,0.188679245,0.188679245,0.188679245,0.188679245,0,0,0,0,0,0,0,0,0,FCC,180,3.422685656,1.17074422,0.156639349,0.103682636,8.471698102,14.43271169,1448.621885,133.4756695,0.280732602,1.143962264
0,0,0,0,0.090909091,0,0,0,0,0.181818182,0,0.181818182,0.181818182,0.181818182,0.181818182,0,0,0,0,0,0,0,0,0,FCC,210,4.169207859,1.170384991,-1.52066116,0.109325505,8.272727281,14.69798669,1419.956365,13.72462209,0.30824417,1.211818183
0,0,0,0,0.090909091,0,0,0,0,0.181818182,0,0.181818182,0.181818182,0.181818182,0.181818182,0,0,0,0,0,0,0,0,0,Unknown,300,4.169207859,1.170384991,-1.52066116,0.109325505,8.272727281,14.69798669,1419.956365,13.72462209,0.30824417,1.211818183
0,0,0,0,0.090909091,0,0,0,0,0.181818182,0,0.181818182,0.181818182,0.181818182,0.181818182,0,0,0,0,0,0,0,0,0,FCC,225,4.169207859,1.170384991,-1.52066116,0.109325505,8.272727281,14.69798669,1419.956365,13.72462209,0.30824417,1.211818183
0,0,0,0,0.090909091,0,0,0,0,0.181818182,0,0.181818182,0.181818182,0.181818182,0.181818182,0,0,0,0,0,0,0,0,0,FCC,215,4.169207859,1.170384991,-1.52066116,0.109325505,8.272727281,14.69798669,1419.956365,13.72462209,0.30824417,1.211818183
0,0,0,0,0.137931034,0,0,0,0,0.172413793,0,0.172413793,0.172413793,0.172413793,0.172413793,0,0,0,0,0,0,0,0,0,FCC + BCC,270,4.921667635,1.169895532,-3.61474433,0.115776857,7.999999994,14.87154997,1380.664826,5.680242938,0.343100355,1.304827584
0,0,0,0,0.137931034,0,0,0,0,0.172413793,0,0.172413793,0.172413793,0.172413793,0.172413793,0,0,0,0,0,0,0,0,0,FCC,270,4.921667635,1.169895532,-3.61474433,0.115776857,7.999999994,14.87154997,1380.664826,5.680242938,0.343100355,1.304827584
0,0,0,0,0.166666667,0,0,0,0,0.166666667,0,0.166666667,0.166666667,0.166666667,0.166666667,0,0,0,0,0,0,0,0,0,FCC + BCC,406,5.281130594,1.169598074,-4.777777797,0.119082138,7.833333349,14.89751714,1356.653336,4.230160377,0.363121173,1.361666669
0,0,0,0,0.166666667,0,0,0,0,0.166666667,0,0.166666667,0.166666667,0.166666667,0.166666667,0,0,0,0,0,0,0,0,0,FCC + BCC,472,5.281130594,1.169598074,-4.777777797,0.119082138,7.833333349,14.89751714,1356.653336,4.230160377,0.363121173,1.361666669
0,0,0,0,0.166666667,0,0,0,0,0.166666667,0,0.166666667,0.166666667,0.166666667,0.166666667,0,0,0,0,0,0,0,0,0,FCC + BCC,,5.281130594,1.169598074,-4.777777797,0.119082138,7.833333349,14.89751714,1356.653336,4.230160377,0.363121173,1.361666669
0,0,0,0,0.142857143,0,0,0,0,0.142857143,0.142857143,0.142857143,0.142857143,0.142857143,0.142857143,0,0,0,0,0,0,0,0,0,FCC + BCC + Im,,5.182612846,1.169046506,-5.632653072,0.140378497,7.714285722,16.1791972,1340.845716,3.851436786,0.333518653,1.317142858
0,0,0,0,0.142857143,0,0,0.142857143,0,0.142857143,0,0.142857143,0.142857143,0.142857143,0.142857143,0,0,0,0,0,0,0,0,0,FCC + BCC,,6.777886205,1.195624747,-13.79591839,0.142571142,7.285714293,16.1791972,1401.13143,1.643180328,0.3797335,1.330000001
0,0,0,0,0.142857143,0,0,0,0.142857143,0.142857143,0,0.142857143,0.142857143,0.142857143,0.142857143,0,0,0,0,0,0,0,0,0,FCC + BCC,,4.954076533,1.169325173,-7.755102056,0.124997959,7.428571436,16.1791972,1435.702859,2.995256478,0.368158115,1.295714287
0,0,0,0,0.206349206,0,0,0,0,0.158730159,0,0.158730159,0.158730159,0.158730159,0.158730159,0,0,0,0,0,0,0,0,0,FCC + BCC,470,5.686391204,1.169189345,-6.238347184,0.122938532,7.603174614,14.85304729,1323.494605,3.151143623,0.389465779,1.440158731
0,0,0,0,0.230769231,0,0,0,0,0.153846154,0,0.153846154,0.153846154,0.153846154,0.153846154,0,0,0,0,0,0,0,0,0,FCC + BCC,506,5.892503516,1.168938991,-7.053254452,0.124933118,7.461538469,14.78505435,1303.089232,2.731539781,0.405018785,1.48846154
0,0,0,0,0.264705882,0,0,0,0,0.147058824,0,0.147058824,0.147058824,0.147058824,0.147058824,0,0,0,0,0,0,0,0,0,FCC + BCC,650,6.132583358,1.168592544,-8.079584782,0.12725645,7.264705902,14.64452929,1274.731768,2.310495801,0.4258855,1.555588237
0,0,0,0,0.285714286,0,0,0,0,0.142857143,0,0.142857143,0.142857143,0.142857143,0.142857143,0,0,0,0,0,0,0,0,0,FCC + BCC,560,6.257046138,1.16837893,-8.653061242,0.128444382,7.14285715,14.53258396,1257.177144,2.11139525,0.438395334,1.597142859
0,0,0,0,0.315068493,0,0,0,0,0.136986301,0,0.136986301,0.136986301,0.136986301,0.136986301,0,0,0,0,0,0,0,0,0,FCC + BCC,600,6.402995028,1.16808154,-9.375117256,0.129795514,6.972602723,14.34619721,1232.648764,1.886250782,0.455377601,1.655205477
0,0,0,0,0.333333333,0,0,0,0,0.133333333,0,0.133333333,0.133333333,0.133333333,0.133333333,0,0,0,0,0,0,0,0,0,FCC + BCC,620,6.478484405,1.167897132,-9.777777746,0.130459019,6.866666651,14.21334748,1217.386664,1.769639291,0.465658426,1.691333331
0,0,0,0,0.358974359,0,0,0,0,0.128205128,0,0.128205128,0.128205128,0.128205128,0.128205128,0,0,0,0,0,0,0,0,0,BCC,650,6.565887797,1.167639069,-10.28270873,0.131165814,6.717948709,14.00585165,1195.961024,1.628992236,0.479723925,1.742051281
0,0,0,0,0.375,0,0,0,0,0.125,0,0.125,0.125,0.125,0.125,0,0,0,0,0,0,0,0,0,BCC,640,6.610002588,1.167478262,-10.5625,0.131475996,6.625,13.86404991,1182.57,1.552209184,0.48829568,1.77375
0,0.035087719,0,0,0.087719298,0,0,0,0,0.175438596,0,0.175438596,0.175438596,0.175438596,0.175438596,0,0,0,0,0,0,0,0,0,Unknown,415,4.596881829,1.2938666,-4.001231111,0.115064182,8.087719275,15.4461103,1442.940346,5.570239541,0.347902208,1.273859645
0,0.098360656,0,0,0.081967213,0,0,0,0,0.163934426,0,0.163934426,0.163934426,0.163934426,0.163934426,0,0,0,0,0,0,0,0,0,Unknown,505,5.220396953,1.294835204,-8.008599844,0.123483001,7.754098351,15.92509979,1484.386884,2.951703134,0.391090235,1.385737704
0,0.153846154,0,0,0.076923077,0,0,0,0,0.153846154,0,0.153846154,0.153846154,0.153846154,0.153846154,0,0,0,0,0,0,0,0,0,Unknown,736,5.649640502,1.29569086,-11.02958582,0.129139162,7.461538469,16.00634818,1520.732309,2.206916128,0.410835814,1.483846155
0,0,0,0,0.090909091,0,0,0.090909091,0,0.181818182,0,0.181818182,0.181818182,0.181818182,0.090909091,0,0,0,0,0,0,0,0,0,FCC + BCC,,5.968017451,1.197123521,-10.84297523,0.130877522,7.636363644,15.74583147,1472.992729,2.139034239,0.317944845,1.224545456
0,0,0,0,0.087719298,0,0,0.035087719,0,0.175438596,0,0.175438596,0.175438596,0.175438596,0.175438596,0,0,0,0,0,0,0,0,0,FCC,272,4.931370038,1.197798282,-4.148968875,0.11875003,8.122806994,15.4461103,1428.659645,5.318727404,0.316061471,1.209298242
0,0,0,0,0.084745763,0,0,0.06779661,0,0.169491525,0,0.169491525,0.169491525,0.169491525,0.169491525,0,0,0,0,0,0,0,0,0,FCC,321,5.490998472,1.197370781,-6.423441533,0.126242176,7.983050829,15.76268329,1436.772878,3.525741727,0.32293757,1.206949151
0,0,0,0,0.081967213,0,0,0.098360656,0,0.163934426,0,0.163934426,0.163934426,0.163934426,0.163934426,0,0,0,0,0,0,0,0,0,FCC + BCC,458,5.921520715,1.196973306,-8.395592588,0.132308387,7.852459007,15.92509979,1444.354097,2.739709305,0.329002739,1.204754097
0,0,0,0,0.079365079,0,0,0.126984127,0,0.158730159,0,0.158730159,0.158730159,0.158730159,0.158730159,0,0,0,0,0,0,0,0,0,FCC + BCC,590,6.26160772,1.196602799,-10.10833962,0.137280024,7.730158741,15.99616972,1451.45397,2.296886028,0.334363593,1.202698413
0,0,0,0,0.076923077,0,0,0.153846154,0,0.153846154,0,0.153846154,0.153846154,0.153846154,0.153846154,0,0,0,0,0,0,0,0,0,FCC + BCC + Im,636,6.534746498,1.196256606,-11.59763316,0.14138788,7.615384623,16.00634818,1458.116925,2.01240433,0.339108557,1.200769232
0,0,0,0,0.074626866,0,0,0.179104478,0,0.149253731,0,0.149253731,0.149253731,0.149253731,0.149253731,0,0,0,0,0,0,0,0,0,FCC + BCC + Im,646,6.756484899,1.195932409,-12.89374028,0.144799967,7.507462674,15.97358195,1464.382088,1.814169263,0.343311797,1.198955224
0,0,0,0,0.072463768,0,0,0.202898551,0,0.144927536,0,0.144927536,0.144927536,0.144927536,0.144927536,0,0,0,0,0,0,0,0,0,FCC + BCC + Im,664,6.93772523,1.195628175,-14.02226422,0.147642682,7.405797092,15.90955575,1470.284057,1.668173256,0.347036121,1.197246376
0,0,0,0,0.070422535,0,0,0.225352113,0,0.14084507,0,0.14084507,0.14084507,0.14084507,0.14084507,0,0,0,0,0,0,0,0,0,FCC + BCC + Im,657,7.086433319,1.195342116,-15.00495931,0.150013555,7.309859137,15.82235296,1475.853518,1.556250491,0.350335168,1.1956338
0,0,0,0,0.068493151,0,0,0.246575342,0,0.136986301,0,0.136986301,0.136986301,0.136986301,0.136986301,0,0,0,0,0,0,0,0,0,FCC + BCC + Im,667,7.208611516,1.195072651,-15.86038652,0.151989372,7.219178065,15.71779718,1481.117805,1.467802138,0.353255079,1.194109588
0,0,0,0,0.066666667,0,0,0.266666667,0,0.133333333,0,0.133333333,0.133333333,0.133333333,0.133333333,0,0,0,0,0,0,0,0,0,FCC + BCC + Im,696,7.308892337,1.194818375,-16.60444445,0.153631594,7.133333321,15.60020657,1486.101332,1.396221826,0.355835805,1.192666666
0,0,0,0,0.087719298,0,0,0,0.035087719,0.175438596,0,0.175438596,0.175438596,0.175438596,0.175438596,0,0,0,0,0,0,0,0,0,FCC,204,4.14569808,1.170289383,-2.499230512,0.112681576,8.157894713,15.4461103,1437.150873,8.882090223,0.312835998,1.200877189
0,0,0,0,0.084745763,0,0,0,0.06779661,0.169491525,0,0.169491525,0.169491525,0.169491525,0.169491525,0,0,0,0,0,0,0,0,0,FCC + BCC,231,4.120137629,1.170200373,-3.343866712,0.115392489,8.050847439,15.76268329,1453.179658,6.850156626,0.316795291,1.190677965
0,0,0,0,0.081967213,0,0,0,0.098360656,0.163934426,0,0.163934426,0.163934426,0.163934426,0.163934426,0,0,0,0,0,0,0,0,0,FCC + BCC + Im,328,4.093038015,1.1701173,-4.074173609,0.117586817,7.950819663,15.92509979,1468.157376,5.738722736,0.320206698,1.18114754
0,0,0,0,0.079365079,0,0,0,0.126984127,0.158730159,0,0.158730159,0.158730159,0.158730159,0.158730159,0,0,0,0,0,0,0,0,0,FCC + BCC + Im,447,4.064804495,1.17003959,-4.706475169,0.119361491,7.857142868,15.99616972,1482.184129,5.037585036,0.323140884,1.172222223
0,0,0,0,0.076923077,0,0,0,0.153846154,0.153846154,0,0.153846154,0.153846154,0.153846154,0.153846154,0,0,0,0,0,0,0,0,0,FCC + BCC + Im,639,4.03575967,1.169966739,-5.25443788,0.120791277,7.769230777,16.00634818,1495.347694,4.555207691,0.325657374,1.163846155
0,0,0,0,0.074626866,0,0,0,0.179104478,0.149253731,0,0.149253731,0.149253731,0.149253731,0.149253731,0,0,0,0,0,0,0,0,0,BCC,579,4.006161275,1.169898306,-5.729561169,0.121934909,7.686567152,15.97358195,1507.725372,4.203423975,0.327806706,1.155970149
0,0,0,0,0.072463768,0,0,0,0.202898551,0.144927536,0,0.144927536,0.144927536,0.144927536,0.144927536,0,0,0,0,0,0,0,0,0,BCC,577,3.976215822,1.169833901,-6.141566893,0.122839232,7.608695643,15.90955575,1519.385506,3.935925283,0.329632086,1.148550723
0,0,0,0,0.070422535,0,0,0,0.225352113,0.14084507,0,0.14084507,0.14084507,0.14084507,0.14084507,0,0,0,0,0,0,0,0,0,BCC,594,3.946089142,1.169773177,-6.498710559,0.123542083,7.53521125,15.82235296,1530.38873,3.726023867,0.331170683,1.141549293
0,0,0,0,0.068493151,0,0,0,0.246575342,0.136986301,0,0.136986301,0.136986301,0.136986301,0.136986301,0,0,0,0,0,0,0,0,0,BCC,597,3.915914449,1.169715829,-6.808031519,0.124074355,7.465753407,15.71779718,1540.789038,3.557241109,0.332454646,1.134931505
0,0,0,0,0.066666667,0,0,0,0.266666667,0.133333333,0,0.133333333,0.133333333,0.133333333,0.133333333,0,0,0,0,0,0,0,0,0,BCC,587,3.885798736,1.169661582,-7.075555569,0.124461507,7.399999988,15.60020657,1550.634665,3.418844055,0.333511919,1.128666666
0,0,0,0,0.136363636,0,0,0.090909091,0,0.181818182,0,0.181818182,0.181818182,0.181818182,0.045454545,0,0,0,0,0,0,0,0,0,FCC + BCC,,6.381032407,1.196652807,-14.38842976,0.132989312,7.272727273,15.54808023,1453.707273,1.570870323,0.343251576,1.31590909
0,0,0,0,0.166666667,0,0,0.166666667,0,0.166666667,0,0,0.166666667,0.166666667,0.166666667,0,0,0,0,0,0,0,0,0,BCC,,6.900074185,1.189844812,-16.66666673,0.150996689,7.166666681,14.89751714,1378.320003,1.232012747,0.413858704,1.376666669
0,0,0,0,0.153846154,0,0,0.153846154,0,0.153846154,0,0,0.153846154,0.153846154,0.153846154,0,0.076923077,0,0,0,0,0,0,0,Im,,11.45931906,1.512341622,-18.31952666,0.20246411,6.846153853,16.00634818,1389.680001,1.214207243,0.45178798,1.414615386
0,0,0,0,0.147058824,0,0,0.147058824,0,0.147058824,0,0,0.147058824,0.147058824,0.147058824,0,0.117647059,0,0,0,0,0,0,0,Im,,12.88763572,1.508812201,-18.9965399,0.221983821,6.676470609,16.15645421,1395.694122,1.187030285,0.470921236,1.434705887
0,0,0,0,0.142857143,0,0,0.142857143,0,0.142857143,0,0,0.142857143,0.142857143,0.142857143,0,0.142857143,0,0,0,0,0,0,0,Im,,13.58694029,1.50665561,-19.34693881,0.232247229,6.571428578,16.1791972,1399.417144,1.170285706,0.482454212,1.447142859
0,0,0,0,0.25,0,0,0,0,0,0,0.25,0.25,0.25,0,0,0,0,0,0,0,0,0,0,BCC,456,6.237363717,1.169042417,-13.75,0.117553179,7.5,11.52629264,1287.08,1.078928053,0.343902997,1.5625
0,0,0,0,0.142857143,0,0,0.142857143,0.142857143,0,0,0.142857143,0.142857143,0.142857143,0,0,0,0.142857143,0,0,0,0,0,0,BCC,790,9.413296589,1.322479939,-31.42857149,0.194485192,6.142857149,16.1791972,1511.617144,0.778169376,0.411918047,1.397142859
0,0,0,0,0,0,0,0,0,0,0,0.25,0.25,0.25,0.25,0,0,0,0,0,0,0,0,0,FCC,,1.14037876,1.032214811,5,0.03082207,9.5,11.52629264,1393.15,3.211570919,0.178427701,1.06
0,0,0,0,0,0,0,0,0,0,0,0.248756219,0.248756219,0.248756219,0.248756219,0,0,0,0,0,0.004975124,0,0,0,FCC,,2.344149497,1.35175396,5.019677729,0.031256296,9.472636818,11.72958409,1387.372787,3.241902497,0.185989806,1.074477611
0,0,0,0,0,0,0,0,0,0,0,0.247524752,0.247524752,0.247524752,0.247524752,0,0,0,0,0,0.00990099,0,0,0,FCC + Im,,3.09561814,1.351526318,5.038721673,0.031675432,9.445544536,11.87400669,1381.65277,3.25593579,0.193218039,1.088811879
0,0,0,0,0,0,0,0,0,0,0,0.24691358,0.24691358,0.24691358,0.24691358,0,0,0,0,0,0.012345679,0,0,0,FCC + Im,,3.404067715,1.351413468,5.048010964,0.031879594,9.432098756,11.93708421,1378.813949,3.260495735,0.196718592,1.095925925
0,0,0,0,0,0,0,0,0,0,0,0.245700246,0.245700246,0.245700246,0.245700246,0,0,0,0,0,0.017199017,0,0,0,FCC + Im,,3.939671637,1.351189687,5.066133822,0.032277569,9.405405416,12.05081299,1373.178159,3.266379013,0.203512236,1.110049141
0,0,0,0,0,0,0,0,0,0,0,0.243902439,0.243902439,0.243902439,0.243902439,0,0,0,0,0,0.024390244,0,0,0,FCC + Im,,4.608209277,1.350858727,5.09220702,0.032849955,9.365853658,12.19854376,1364.827561,3.269487799,0.213233516,1.13097561
0,0,0,0,0,0,0,0,0,0,0,0.238095238,0.238095238,0.238095238,0.238095238,0,0,0,0,0,0.047619048,0,0,0,FCC + Im,,6.227834935,1.349794687,5.170068028,0.034568936,9.238095236,12.56917623,1337.853809,3.25251432,0.242363993,1.19857143
0,0,0,0,0,0,0,0,0,0,0,0.222222222,0.222222222,0.222222222,0.222222222,0,0,0,0,0,0.111111111,0,0,0,FCC + Im,,8.945174273,1.346924793,5.333333323,0.038425814,8.88888888,13.14594488,1264.125554,3.115898416,0.310640974,1.383333332
0,0,0,0,0.2,0,0,0,0,0,0,0.2,0.2,0.2,0.2,0,0,0,0,0,0,0,0,0,FCC + BCC,536,5.609472235,1.169208655,-5.28,0.111462998,8.2,13.38161136,1246.584,3.159337616,0.339738676,1.45
0,0,0,0,0.166666667,0,0,0,0,0,0,0.166666667,0.166666667,0.166666667,0.166666667,0,0,0,0.166666667,0,0,0,0,0,Im,578,6.400100214,1.167887744,-13.22222228,0.132087934,7.666666682,14.89751714,1451.653336,1.635582129,0.359428163,1.428333336
0,0,0,0,0.166666667,0.166666667,0,0,0,0,0,0.166666667,0.166666667,0.166666667,0.166666667,0,0,0,0,0,0,0,0,0,FCC + BCC,682,6.581882858,1.264690319,-20.44444453,0.105422431,7.500000015,14.89751714,1274.486669,0.928696643,0.463629084,1.875000004
0,0,0,0,0.166666667,0,0,0.166666667,0,0,0,0.166666667,0.166666667,0.166666667,0.166666667,0,0,0,0,0,0,0,0,0,FCC + BCC,626,6.988761035,1.194971504,-16.88888896,0.147356333,7.500000015,14.89751714,1316.820003,1.161553529,0.345619245,1.398333336
0,0,0,0,0.166666667,0,0,0,0,0,0,0.166666667,0.166666667,0.166666667,0.166666667,0,0,0.166666667,0,0,0,0,0,0,FCC + BCC + Im,472,9.999251643,1.324979428,-23.88888898,0.211002896,7.500000015,14.89751714,1347.986669,0.840627395,0.422099425,1.45666667
0,0,0,0,0,0,0,0,0,0,0.2,0.2,0.2,0.2,0.2,0,0,0,0,0,0,0,0,0,FCC,208,3.178934127,1.095611505,1.76,0.134848063,9,13.38161136,1363.72,10.36861991,0.159369999,1.058
0,0,0,0,0,0,0,0,0,0,0.198807157,0.198807157,0.198807157,0.198807157,0.198807157,0,0,0,0,0,0.005964215,0,0,0,FCC,192,3.794363213,1.349316606,1.772268971,0.134914498,8.970178925,13.60523662,1356.969761,10.41709525,0.169449002,1.075367794
0,0,0,0,0,0,0,0,0,0,0.198019802,0.198019802,0.198019802,0.198019802,0.198019802,0,0,0,0,0,0.00990099,0,0,0,FCC + Im,205,4.145586658,1.349146993,1.780217626,0.134955253,8.95049505,13.71095592,1352.514159,10.41685114,0.175814455,1.086831683
0,0,0,0,0,0,0,0,0,0,0.196850394,0.196850394,0.196850394,0.196850394,0.196850394,0,0,0,0,0,0.015748031,0,0,0,FCC + Im,219,4.61125316,1.348895435,1.791803586,0.135011246,8.921259854,13.84429959,1345.896537,10.3990164,0.18490522,1.103858267
0,0,0,0,0,0,0,0,0,0,0.196078431,0.196078431,0.196078431,0.196078431,0.196078431,0,0,0,0,0,0.019607843,0,0,0,FCC + Im,253,4.890175207,1.348729609,1.799307951,0.135045238,8.901960767,13.92164696,1341.528037,10.37970165,0.19069488,1.115098037
0,0,0,0,0,0,0,0,0,0,0.192307692,0.192307692,0.192307692,0.192307692,0.192307692,0,0,0,0,0,0.038461538,0,0,0,FCC + Im,319,6.032318954,1.347922281,1.834319519,0.135177398,8.807692292,14.22238786,1320.189613,10.23608403,0.217026638,1.169999997
0,0,0,0,0,0,0,0,0,0.2,0.2,0.2,0,0.2,0.2,0,0,0,0,0,0,0,0,0,FCC + BCC,296,3.197741982,1.095624325,2.72,0.141844986,8.4,13.38161136,1446.12,7.11449111,0.232471383,1.036
0,0,0,0,0,0,0,0,0,0.2,0,0.2,0,0.2,0.2,0,0,0,0,0.2,0,0,0,0,FCC,263,3.580228809,1.107200212,4.64,0.161170717,8.2,13.38161136,1721.52,4.964808532,0.298095138,1.104
0,0,0,0,0.217391304,0,0,0,0,0.217391304,0,0.217391304,0,0.130434783,0.217391304,0,0,0,0,0,0,0,0,0,FCC + BCC,496,5.759757982,1.169016283,-2.684310024,0.123320475,7.391304342,13.24232598,1318.026086,6.502129383,0.42308986,1.451304346
0,0,0,0,0.208333333,0,0,0,0,0.208333333,0,0.208333333,0,0.166666667,0.208333333,0,0,0,0,0,0,0,0,0,FCC + BCC,486,5.693612319,1.169128353,-3.40277778,0.123883906,7.499999994,13.35141819,1323.733332,5.193908752,0.412734321,1.439166665
0,0,0,0,0.2,0,0,0,0,0.2,0,0.2,0,0.2,0.2,0,0,0,0,0,0,0,0,0,FCC + BCC,495,5.628086233,1.169231615,-4,0.124161186,7.6,13.38161136,1328.984,4.445986848,0.4031031,1.428
0,0,0,0,0.192307692,0,0,0,0,0.192307692,0,0.192307692,0,0.230769231,0.192307692,0,0,0,0,0,0,0,0,0,FCC + BCC,407,5.56345786,1.169327069,-4.497041418,0.124213502,7.692307686,13.3578861,1333.830768,3.961973621,0.394115579,1.417692306
0,0,0,0,0.185185185,0,0,0,0,0.185185185,0,0.185185185,0,0.259259259,0.185185185,0,0,0,0,0,0,0,0,0,FCC + BCC,367,5.499922875,1.169415567,-4.910836753,0.124087893,7.77777777,13.29620102,1338.318517,3.623527503,0.385703157,1.408148147
0,0,0,0,0.166666667,0,0,0,0,0.166666667,0,0.166666667,0,0.333333333,0.166666667,0,0,0,0,0,0,0,0,0,FCC + BCC,,5.317006074,1.169646181,-5.777777783,0.122972445,8.000000006,12.97646836,1349.986668,3.031971797,0.363367615,1.383333335
0,0,0,0,0.166666667,0,0,0.166666667,0,0.166666667,0,0.166666667,0,0.166666667,0.166666667,0,0,0,0,0,0,0,0,0,BCC + Im,,7.009215135,1.194993404,-13.66666672,0.144846662,7.000000014,14.89751714,1385.486669,1.510266682,0.414254201,1.380000003
0,0,0,0,0.038461538,0,0,0,0,0.192307692,0,0.192307692,0,0.384615385,0.192307692,0,0,0,0,0,0,0,0,0,FCC,,2.93694856,1.170991498,0.118343208,0.103988506,8.769230764,12.00579312,1456.08923,147.7187103,0.266795584,1.133076921
0,0,0,0,0.074074074,0,0,0,0,0.185185185,0,0.185185185,0,0.37037037,0.185185185,0,0,0,0,0,0,0,0,0,FCC,,3.859423009,1.170615237,-1.700960216,0.110398952,8.555555547,12.45133316,1426.616295,10.44308656,0.296101178,1.202592591
0,0,0,0,0.107142857,0,0,0,0,0.178571429,0,0.178571429,0,0.357142857,0.178571429,0,0,0,0,0,0,0,0,0,FCC,,4.48866717,1.170267625,-3.265306106,0.115506869,8.357142866,12.72067343,1399.248573,5.45106142,0.321376847,1.267142858
0,0,0,0,0.137931034,0,0,0,0,0.172413793,0,0.172413793,0,0.344827586,0.172413793,0,0,0,0,0,0,0,0,0,FCC,,4.95577174,1.169945508,-4.613555268,0.119625853,8.172413787,12.88425813,1373.768275,3.836517401,0.343589258,1.327241377
0,0,0,0,0.193548387,0,0,0,0,0.161290323,0,0.161290323,0,0.322580645,0.161290323,0,0,0,0,0,0,0,0,0,FCC + BCC,,5.603112157,1.169367307,-6.784599365,0.125703018,7.838709686,13.01766632,1327.739356,2.547544367,0.381150551,1.435806452
0,0,0,0,0.2,0,0,0,0,0.2,0,0.2,0,0.2,0.2,0,0,0,0,0,0,0,0,0,FCC + BCC,342,5.628086233,1.169231615,-4,0.124161186,7.6,13.38161136,1328.984,4.445986848,0.4031031,1.428
0,0,0,0,0.225,0,0,0.225,0,0,0,0.15,0,0.2,0.2,0,0,0,0,0,0,0,0,0,FCC,516,7.168103603,1.193425112,-19.955,0.157765451,6.975,13.29971344,1262.492,0.841432314,0.374410462,1.52325
0,0,0,0,0.225,0,0,0.225,0,0,0,0.15,0,0.2,0.2,0,0,0,0,0,0,0,0,0,FCC,516,7.168103603,1.193425112,-19.955,0.157765451,6.975,13.29971344,1262.492,0.841432314,0.374410462,1.52325
0,0,0,0,0.2,0,0,0.2,0,0,0,0.2,0,0.2,0.2,0,0,0,0,0,0,0,0,0,FCC,516,7.162214461,1.19409167,-17.6,0.153544782,7.2,13.38161136,1281.184,0.974108316,0.364851519,1.472
0,0,0,0,0.25,0,0,0.25,0,0,0,0,0,0.25,0.25,0,0,0,0,0,0,0,0,0,FCC,537,6.924399486,1.187655221,-23.25,0.166883193,7,11.52629264,1216.98,0.603323339,0.361360063,1.5775
0.15625,0,0,0.3125,0.3125,0,0,0,0,0,0,0,0,0,0,0.15625,0,0,0,0,0.0625,0,0,0,FCC + Im,,5.676610421,1.174744431,-3.88671875,0.266702777,3.84375,12.30830786,517.7315625,1.639531922,0.538198391,2.295
0.2,0,0,0.1,0.2,0,0.2,0.3,0,0,0,0,0,0,0,0,0,0,0,0,0,0,0,0,FCC + HCP,591,5.162509496,1.158814409,-0.4,0.225435135,2.8,12.94655865,1041.772,33.71840573,0.569414737,1.615
0.2,0,0,0.2,0.2,0,0,0,0,0,0,0,0,0,0,0.2,0,0,0,0,0.2,0,0,0,FCC + HCP + Im,,5.88882583,1.174279838,-6.08,0.332469547,4.4,13.38161136,428.464,0.943016238,0.60573913,2.41
0.05,0,0,0.05,0.8,0,0,0,0,0,0,0,0,0,0,0.05,0,0,0,0,0.05,0,0,0,FCC + Im,,3.911986288,1.177481673,-0.53,0.172687579,3.35,6.465835773,602.356,7.348556553,0.270415435,2.86
0.05,0,0,0.05,0.8,0,0,0,0,0,0,0,0,0,0.05,0.05,0,0,0,0,0,0,0,0,FCC + Im,,3.848005755,1.274335959,-1.14,0.166523272,3.7,6.465835773,644.9895,3.658242265,0.316115712,2.7115
0.15625,0,0,0.3125,0.3125,0,0,0,0,0,0,0,0,0,0.0625,0.15625,0,0,0,0,0,0,0,0,Im,,6.468841488,1.270188832,-3.30078125,0.259780368,4.28125,12.30830786,571.0234375,2.129293562,0.570530725,2.109375
0.15625,0,0,0.3125,0.3125,0,0,0,0,0,0,0,0,0,0.15625,0,0,0,0,0,0.0625,0,0,0,Im,,7.700709706,1.286708863,-3.65234375,0.308727226,3.6875,12.30830786,621.64875,2.094940871,0.610441244,2.1325
0,0,0,0,0.222222222,0,0,0.222222222,0.222222222,0.111111111,0,0,0,0,0,0,0,0,0.222222222,0,0,0,0,0,BCC,,5.232513179,1.182441741,-15.40740738,0.037646832,4.44444444,13.14594488,1704.182221,1.45404642,0.470882081,1.517777776
0,0,0,0,0,0,0,0.25,0.25,0.25,0,0,0,0,0,0,0,0,0.25,0,0,0,0,0,BCC + Im,,6.280856442,1.184109414,-4.25,0.044370598,5,11.52629264,1990.5,5.39837306,0.451623349,1.07
0,0,0,0,0,0,0,0.222222222,0.222222222,0.333333333,0,0,0,0,0,0,0,0,0.222222222,0,0,0,0,0,FCC + Im,,6.548757298,1.184885775,-4.938271595,0.044969125,5.111111106,11.38185379,1981.22222,4.566371291,0.451843077,1.053333332
0,0,0,0,0.08,0,0,0.2,0,0,0,0,0,0,0,0,0,0.2,0.2,0,0,0.12,0.2,0,BCC,500,4.923084129,1.132727861,-6.3296,0.115838508,4.32,14.50075743,2124.1856,4.86638968,0.385249762,1.556
0,0,0,0,0.056603774,0,0,0.188679245,0,0,0,0,0,0,0,0,0,0.188679245,0.188679245,0,0,0.188679245,0.188679245,0,BCC,353,4.976918752,1.132426737,-3.987184096,0.120382682,4.320754712,14.43271169,2160.01811,7.818780843,0.384764315,1.543962263
0,0,0,0,0.090909091,0,0,0.181818182,0,0,0,0,0,0,0,0,0,0.181818182,0.181818182,0,0,0.181818182,0.181818182,0,BCC,396,4.959594061,1.132517055,-7.669421503,0.121342354,4.272727277,14.69798669,2105.483638,4.035033212,0.388404465,1.597272729
0,0,0,0,0.130434783,0,0,0.173913043,0,0,0,0,0,0,0,0,0,0.173913043,0.173913043,0,0,0.173913043,0.173913043,0,BCC,427,4.93318943,1.132621302,-11.55387525,0.12214838,4.217391295,14.8556466,2042.65043,2.626382252,0.392162495,1.65869565
0,0,0,0,0.2,0,0,0.2,0,0,0,0,0,0,0,0,0,0.2,0.2,0.1,0,0,0.1,0,BCC + Im,441,5.04102482,1.191721459,-16.84,0.217614338,4.3,14.53424062,1896.064,1.636451925,0.624192335,1.688
0,0,0,0,0.058823529,0,0,0.235294118,0.235294118,0,0,0,0,0,0,0,0,0,0.235294118,0.235294118,0,0,0,0,BCC,460,4.003399322,1.119729743,-6.25605535,0.243216622,4.882352947,12.70837101,2080.724709,4.226724363,0.566408594,1.294705883
0,0,0,0,0.111111111,0,0,0.222222222,0.222222222,0,0,0,0,0,0,0,0,0,0.222222222,0.222222222,0,0,0,0,BCC,487,3.932392782,1.119652639,-8.987654303,0.237834884,4.777777773,13.14594488,2001.813331,2.927986193,0.584422066,1.389999999
0,0,0,0,0.157894737,0,0,0.210526316,0.210526316,0,0,0,0,0,0,0,0,0,0.210526316,0.210526316,0,0,0,0,BCC,517,3.86333175,1.119583752,-11.12465376,0.232764906,4.684210531,13.33280705,1931.208423,2.314537588,0.599957225,1.475263159
0,0,0,0,0.2,0,0,0.2,0.2,0,0,0,0,0,0,0,0,0,0.2,0.2,0,0,0,0,BCC,537,3.796497761,1.119521836,-12.8,0.227982455,4.6,13.38161136,1867.664,1.95252764,0.613410593,1.552
0,0,0,0,0.058823529,0,0,0.235294118,0.235294118,0,0,0,0,0,0,0,0,0,0.235294118,0,0,0,0.235294118,0,BCC,,3.832439708,1.119144225,-4.816608972,0.05017616,4.647058829,12.70837101,2173.430591,5.73448301,0.260150696,1.337058824
0,0,0,0,0.111111111,0,0,0.222222222,0.222222222,0,0,0,0,0,0,0,0,0,0.222222222,0,0,0,0.222222222,0,BCC,,3.737504764,1.119100324,-8.395061712,0.049615808,4.555555551,13.14594488,2089.368887,3.271772044,0.28124673,1.429999999
0,0,0,0,0.2,0,0,0.2,0.2,0,0,0,0,0,0,0,0,0,0.2,0,0,0,0.2,0,BCC,,3.566544342,1.119025781,-13.44,0.048414874,4.4,13.38161136,1946.464,1.938007796,0.312654579,1.588
0,0,0,0,0.06,0,0,0.28,0.04,0,0,0,0,0,0,0,0,0.26,0.2,0,0,0,0.16,0,BCC,500,5.304755212,1.234839123,-4.864,0.106595309,4.34,13.46385734,2043.4792,5.656478706,0.355534254,1.4384
0,0,0,0,0.1,0,0,0.3,0.04,0,0,0,0,0,0,0,0,0.2,0.2,0,0,0,0.16,0,BCC,530,4.926541183,1.235544957,-8.6176,0.099721412,4.3,13.77867409,1991.952,3.18493054,0.346515617,1.4922
0,0,0,0,0.06,0,0,0.28,0,0,0,0,0,0,0,0,0,0.26,0.2,0,0,0,0.2,0,BCC,490,4.844622455,1.132916119,-4.4096,0.103184495,4.34,12.63174189,2087.7592,5.980595824,0.37162991,1.4652
0,0,0,0,0.2,0,0,0.3,0,0,0,0,0,0,0,0,0,0.1,0.3,0,0,0,0.1,0,BCC,408,3.480910165,1.13396828,-15.12,0.081123363,4.2,12.51150593,1862.764,1.541400981,0.3114134,1.646
0,0,0,0,0.25,0,0,0.25,0.25,0,0,0,0,0,0,0,0,0,0.25,0,0,0,0,0,BCC,448,3.94703996,1.119175184,-16.25,0.03354102,4.25,11.52629264,1678.83,1.190811439,0.206674861,1.5925
0,0,0,0,0.25,0,0,0.25,0.25,0,0,0,0,0,0,0,0,0,0.25,0,0,0,0,0,BCC,,3.94703996,1.119175184,-16.25,0.03354102,4.25,11.52629264,1678.83,1.190811439,0.206674861,1.5925
0,0,0,0,0,0,0,0.2,0,0.2,0,0,0,0,0,0,0,0.2,0.2,0,0,0.2,0,0,BCC + Im,455,8.626538583,1.303514184,-4,0.144996552,4.6,13.38161136,2028,6.784476959,0.597352088,1.326
0,0,0,0,0,0,0,0.2,0,0.2,0,0,0,0,0,0,0,0.2,0.2,0.1,0,0,0.1,0,BCC + Im,540,8.042355714,1.307127686,-4.92,0.219809008,4.9,14.53424062,2145.4,6.337756064,0.557580582,1.27
0,0,0,0,0,0,0,0.2,0.2,0.2,0,0,0,0,0,0,0,0.2,0.2,0,0,0,0,0,BCC + Im,482,8.678228005,1.308763326,-4.64,0.117881296,4.8,13.38161136,1963.4,5.662382703,0.524637544,1.154
0,0,0,0,0,0,0,0.25,0,0.25,0,0,0,0,0,0,0,0.25,0.25,0,0,0,0,0,BCC + Im,418,8.781340818,1.306337613,-5,0.12437343,4.75,11.52629264,1976.75,4.556919796,0.573544865,1.2175
0,0,0,0,0,0,0,0.166666667,0.166666667,0,0,0.166666667,0,0.166666667,0,0,0,0.166666667,0,0.166666667,0,0,0,0,BCC + Im,740,9.302576944,1.321670691,-19.77777786,0.268741925,6.166666679,14.89751714,1841.500004,1.387101123,0.483237735,1.188333336
0,0,0,0,0,0,0,0.25,0,0,0,0,0,0,0,0,0,0.25,0.25,0.125,0,0.125,0,0,BCC + Im,400,5.730437906,1.1901824,-0.25,0.258988417,4.5,12.96707922,2107,109.2865437,0.652838862,1.38125
0,0,0,0,0,0.024390244,0,0.243902439,0,0,0,0,0,0,0,0,0,0.243902439,0.243902439,0.12195122,0,0.12195122,0,0,BCC + Im,442,6.690756057,1.408273429,-6.472337932,0.261445895,4.487804883,13.60418921,2090.097563,4.393170292,0.661792902,1.445121953
0,0,0,0,0,0.069767442,0,0.23255814,0,0,0,0,0,0,0,0,0,0.23255814,0.23255814,0.11627907,0,0.11627907,0,0,BCC + Im,494,8.12338958,1.410403375,-17.22011905,0.265227435,4.465116288,14.16626576,2058.651167,1.693565501,0.678226002,1.563953492
0,0,0,0,0,0.111111111,0,0.222222222,0,0,0,0,0,0,0,0,0,0.222222222,0.222222222,0.111111111,0,0.111111111,0,0,BCC + Im,524,9.173947609,1.412366949,-26.07407402,0.267807744,4.44444444,14.42664406,2029.999998,1.123188014,0.692911472,1.672222221
0,0,0,0,0,0.14893617,0,0.212765957,0,0,0,0,0,0,0,0,0,0.212765957,0.212765957,0.106382979,0,0.106382979,0,0,BCC + Im,580,9.987340409,1.414182922,-33.39067444,0.269467056,4.425531911,14.53503119,2003.787232,0.87225282,0.706070595,1.771276594
0,0,0,0,0,0.183673469,0,0.204081633,0,0,0,0,0,0,0,0,0,0.204081633,0.204081633,0.102040816,0,0.102040816,0,0,BCC + Im,640,10.63629521,1.415867342,-39.45022901,0.270411629,4.408163265,14.55068992,1979.714286,0.730191166,0.717887163,1.862244897
0,0,0.024390244,0,0,0,0,0.243902439,0,0,0,0,0,0,0,0,0,0.243902439,0.243902439,0.12195122,0,0.12195122,0,0,BCC + Im,,9.450575181,2.006836559,-10.63652594,0.298721249,4.487804883,13.60418921,2142.195125,2.739882174,0.675345944,1.443170734
0,0,0.069767442,0,0,0,0,0.23255814,0,0,0,0,0,0,0,0,0,0.23255814,0.23255814,0.11627907,0,0.11627907,0,0,BCC + Im,,13.92424921,2.021024628,-28.57760963,0.356784662,4.465116288,14.16626576,2207.674423,1.094370838,0.717735922,1.558372096
0,0,0,0,0,0,0,0.19047619,0,0,0,0,0,0,0,0,0,0.19047619,0.19047619,0.047619048,0,0.19047619,0.19047619,0,BCC,395,5.272716807,1.190026139,1.560090686,0.189533381,4.476190468,14.33614643,2267.7619,20.83915183,0.512005537,1.45285714
0,0,0,0,0,0,0,0.181818182,0,0,0,0,0,0,0,0,0,0.181818182,0.181818182,0.090909091,0,0.181818182,0.181818182,0,BCC,480,5.486928914,1.190366724,0.595041324,0.232176194,4.54545455,14.69798669,2283.909093,56.4143432,0.570974581,1.450000001
0,0,0,0,0,0,0,0.173913043,0,0,0,0,0,0,0,0,0,0.173913043,0.173913043,0.130434783,0,0.173913043,0.173913043,0,BCC,492,5.653424967,1.190678973,-0.211720239,0.262094227,4.608695644,14.8556466,2298.65217,161.2881437,0.599470363,1.447391301
0,0,0,0,0,0,0,0.166666667,0,0,0,0,0,0,0,0,0,0.166666667,0.166666667,0.166666667,0,0.166666667,0.166666667,0,BCC,505,5.783370736,1.190966281,-0.888888892,0.28439507,4.666666676,14.89751714,2312.166671,38.75123529,0.612503523,1.445000003
0,0,0,0,0,0,0,0.166666667,0,0,0,0,0,0,0,0,0,0.166666667,0.166666667,0.166666667,0,0.166666667,0.166666667,0,BCC,505,5.783370736,1.190966281,-0.888888892,0.28439507,4.666666676,14.89751714,2312.166671,38.75123529,0.612503523,1.445000003
0,0,0,0,0,0,0,0.2,0,0,0,0,0,0,0,0,0,0.2,0,0.2,0,0.2,0.2,0,BCC,542,6.087901644,1.190407424,-1.92,0.311229819,4.6,13.38161136,2279.2,15.88508782,0.620906726,1.47
0,0,0,0,0,0,0,0.2,0,0,0,0,0,0,0,0,0,0.2,0.2,0.2,0,0.2,0,0,BCC,,6.097271121,1.190418907,-1.6,0.309554519,4.6,13.38161136,2171.2,18.15884661,0.695203796,1.42
0,0,0,0,0,0.111111111,0,0.222222222,0.222222222,0,0,0,0,0,0,0,0,0,0.222222222,0,0,0.222222222,0,0,BCC + Im,490,9.015145399,1.393140232,-24.19753082,0.171464282,4.44444444,13.14594488,1998.888887,1.085948947,0.255903287,1.582222221
0,0,0,0,0,0.090909091,0,0.181818182,0.181818182,0,0,0,0,0,0,0,0,0.181818182,0.181818182,0,0,0.181818182,0,0,BCC + Im,464,9.423493537,1.413140564,-21.75206616,0.178672793,4.363636368,14.69798669,1972.727275,1.332982302,0.281207559,1.565454547
0,0,0,0,0,0,0,0,0,0,0,0,0,0,0,0,0,0.25,0.25,0,0,0.25,0.25,0,BCC,365,5.36321632,1.13191105,3.5,0.123161479,4.5,11.52629264,2395.5,7.888924008,0.427123095,1.535
0,0,0,0,0,0,0,0.375,0,0,0,0,0,0,0,0,0,0.25,0.125,0,0,0.125,0.125,0,BCC,301,4.788305286,1.132154477,1.875,0.11169154,4.25,12.42326333,2055.125,13.61672483,0.340992273,1.38125
0,0,0,0,0,0,0,0.2,0,0,0,0,0,0,0,0,0,0.2,0.2,0,0,0.2,0.2,0,BCC,335,4.99441746,1.132278035,2.72,0.118253964,4.4,13.38161136,2250,11.06934763,0.378037651,1.456
0,0,0,0,0,0,0,0.2,0,0,0,0,0,0,0,0,0,0.2,0.2,0,0,0.2,0.2,0,BCC,295,4.99441746,1.132278035,2.72,0.118253964,4.4,13.38161136,2250,11.06934763,0.378037651,1.456
0,0,0,0,0,0,0,0.2,0,0,0,0,0,0,0,0,0,0.2,0.2,0,0,0.2,0.2,0,BCC,390,4.99441746,1.132278035,2.72,0.118253964,4.4,13.38161136,2250,11.06934763,0.378037651,1.456
0,0,0,0,0,0,0,0.2,0.2,0,0,0,0,0,0,0,0,0.2,0.2,0,0,0.2,0,0,BCC + Im,388,7.067352431,1.234962972,0.16,0.138130373,4.4,13.38161136,2028.6,169.662105,0.232167791,1.322
0,0,0,0,0,0,0,0.25,0,0,0,0,0,0,0,0,0,0.25,0.25,0,0,0.25,0,0,BCC,,4.872386594,1.131607096,2.5,0.129687123,4.25,11.52629264,2058.25,9.489596733,0.216175305,1.4275
0,0,0,0,0,0,0,0,0.25,0,0,0,0,0,0,0,0,0,0.25,0.25,0,0,0.25,0,BCC,504,3.464885924,1.093261504,-3.25,0.257135665,5.25,11.52629264,2506.75,8.890318179,0.465962314,1.295
0,0,0,0,0,0,0,0,0.2,0,0,0,0,0,0,0,0,0,0.2,0.2,0,0,0.2,0.2,BCC,536,3.14801812,1.093363212,-4.64,0.343394817,5.4,13.38161136,2689.8,7.757297033,0.512305935,1.322
0,0,0,0,0,0,0,0,0,0,0,0,0,0,0,0,0,0,0.25,0.25,0,0,0.25,0.25,BCC,454,2.310461902,1.053039279,-6.5,0.363696302,5.5,11.52629264,2884.75,5.115457339,0.463309876,1.4275
0,0,0,0,0,0,0,0,0.25,0,0,0,0,0,0,0,0,0,0.25,0.25,0,0,0.25,0,BCC,441,3.464885924,1.093261504,-3.25,0.257135665,5.25,11.52629264,2506.75,8.890318179,0.465962314,1.295
0,0,0,0,0,0,0,0.23255814,0.23255814,0,0,0,0,0,0,0,0,0.23255814,0.23255814,0.069767442,0,0,0,0,BCC,,7.007082724,1.237274755,-1.254732293,0.197323903,4.604651172,12.82599917,2022.534888,20.6745542,0.513070992,1.224883723
0,0,0,0,0,0,0,0.222222222,0.222222222,0,0,0,0,0,0,0,0,0.222222222,0.222222222,0.111111111,0,0,0,0,BCC,,6.969406975,1.237551259,-1.777777774,0.228089218,4.666666662,13.14594488,2049.22222,15.15316635,0.573037835,1.232222221
0,0,0,0,0,0,0,0.212765957,0.212765957,0,0,0,0,0,0,0,0,0.212765957,0.212765957,0.14893617,0,0,0,0,BCC,,6.926019293,1.237804905,-2.209144401,0.250581939,4.723404246,13.30882984,2073.638294,12.49248315,0.602388632,1.238936168
0,0,0,0,0,0,0,0.2,0.2,0,0,0,0,0,0,0,0,0.2,0.2,0.2,0,0,0,0,BCC,,6.853413663,1.238148354,-2.72,0.274765354,4.8,13.38161136,2106.6,10.36386121,0.619416186,1.248
0,0,0,0,0,0,0,0.188679245,0.188679245,0,0,0,0,0,0,0,0,0.188679245,0.188679245,0.245283019,0,0,0,0,BCC,,6.77493715,1.238453914,-3.104307579,0.291553089,4.867924524,13.33102125,2135.830187,9.172028505,0.620792167,1.256037735
0,0,0,0,0,0,0,0.181818182,0.181818182,0,0,0,0,0,0,0,0,0.181818182,0.181818182,0.272727273,0,0,0,0,BCC,,6.72063331,1.238639557,-3.305785131,0.299933877,4.909090914,13.25463943,2153.545457,8.634701712,0.61733571,1.260909092
0,0,0,0,0,0,0,0.175438596,0.175438596,0,0,0,0,0,0,0,0,0.175438596,0.175438596,0.298245614,0,0,0,0,BCC,,6.665391783,1.238812483,-3.471837478,0.306634347,4.947368412,13.15521446,2170.01754,8.222460386,0.611908064,1.265438594
0,0,0,0,0,0,0,0.166666667,0.166666667,0,0,0,0,0,0,0,0,0.166666667,0.166666667,0.333333333,0,0,0,0,BCC,,6.581670057,1.239050744,-3.666666671,0.314253967,5.000000004,12.97646836,2192.666668,7.759928078,0.601651165,1.271666668
0,0,0,0,0,0,0,0.235294118,0.058823529,0,0,0,0,0,0,0,0,0.235294118,0.235294118,0.235294118,0,0,0,0,BCC,,6.316335046,1.236585141,-2.602076129,0.297856239,4.764705887,12.70837101,2141.29412,10.45794157,0.652545101,1.309411766
0,0,0,0,0,0,0,0.222222222,0.111111111,0,0,0,0,0,0,0,0,0.222222222,0.222222222,0.222222222,0,0,0,0,BCC,,6.554204765,1.237161248,-2.666666661,0.289524941,4.777777773,13.14594488,2128.444442,10.49265501,0.641003224,1.286666665
0,0,0,0,0,0,0,0.210526316,0.157894737,0,0,0,0,0,0,0,0,0.210526316,0.210526316,0.210526316,0,0,0,0,BCC,,6.727569383,1.237679558,-2.703601113,0.281855742,4.789473689,13.33280705,2116.947371,10.43972452,0.629968141,1.266315791
0,0,0,0,0,0,0,0.2,0.2,0,0,0,0,0,0,0,0,0.2,0.2,0.2,0,0,0,0,BCC,,6.853413663,1.238148354,-2.72,0.274765354,4.8,13.38161136,2106.6,10.36386121,0.619416186,1.248
0,0,0,0,0,0,0,0.181818182,0.272727273,0,0,0,0,0,0,0,0,0.181818182,0.181818182,0.181818182,0,0,0,0,BCC,,7.005904614,1.238963312,-2.710743807,0.262054817,4.818181823,13.25463943,2088.727275,10.2131846,0.599661646,1.216363638
0,0,0,0,0,0,0,0.166666667,0.333333333,0,0,0,0,0,0,0,0,0.166666667,0.166666667,0.166666667,0,0,0,0,BCC,,7.071199243,1.239647546,-2.666666673,0.250959271,4.833333338,12.97646836,2073.833336,10.09163723,0.581541726,1.190000001
0,0,0,0,0,0,0,0.142857143,0.428571429,0,0,0,0,0,0,0,0,0.142857143,0.142857143,0.142857143,0,0,0,0,BCC,,7.058566844,1.240732268,-2.53061225,0.232431689,4.857142862,12.26446685,2050.428573,9.937284256,0.549486875,1.14857143
0,0,0,0,0,0,0,0.25,0,0,0,0,0,0,0,0,0,0.25,0.25,0.25,0,0,0,0,BCC,,5.98801153,1.191736051,-2.5,0.306950729,4.75,11.52629264,2155.75,9.939122146,0.664614372,1.335
0,0,0,0,0,0,0,0.25,0.25,0,0,0,0,0,0,0,0,0,0.25,0,0,0,0.25,0,BCC,,3.93470745,1.11919366,-0.25,0.050682837,4.75,11.52629264,2268,104.5665269,0.233599996,1.2325
0,0,0,0,0,0,0,0,0.25,0,0,0,0,0,0,0,0,0,0.25,0,0,0,0.25,0.25,BCC,492,3.432161851,1.093232493,-4.5,0.342591229,5.25,11.52629264,2706.5,6.932424675,0.583814199,1.305
0,0,0,0,0,0,0,0.2,0.2,0,0,0,0,0,0,0,0,0,0.2,0,0,0,0.2,0.2,BCC + HCP,447,3.740447106,1.119506956,-3.68,0.320224921,5,13.38161136,2498.8,9.086405017,0.604475573,1.272
0,0,0,0,0,0,0,0.303030303,0.090909091,0,0,0,0,0,0,0,0,0.303030303,0.303030303,0,0,0,0,0,BCC,,6.004910204,1.234682383,1.432506886,0.117480436,4.393939394,10.8368589,1991.818182,15.06802711,0.222709875,1.278787879
0,0,0,0,0,0,0,0.294117647,0.088235294,0,0,0,0,0,0,0,0,0.294117647,0.294117647,0.029411764,0,0,0,0,BCC,,6.082539185,1.23493596,0.795847765,0.160399856,4.441176465,11.6213856,2010.382351,29.35665531,0.42131211,1.282058822
0,0,0,0,0,0,0,0.277777778,0.083333333,0,0,0,0,0,0,0,0,0.277777778,0.277777778,0.083333333,0,0,0,0,BCC,,6.200685173,1.235402555,-0.277777768,0.213663481,4.527777777,12.31867438,2044.416666,90.66421475,0.567393712,1.288055556
0,0,0,0,0,0,0,0.263157895,0.078947368,0,0,0,0,0,0,0,0,0.263157895,0.263157895,0.131578947,0,0,0,0,BCC,,6.280554935,1.235821915,-1.135734062,0.247688063,4.605263157,12.64841889,2074.868421,23.10735038,0.622688306,1.293421053
0,0,0,0,0,0,0,0.25,0.075,0,0,0,0,0,0,0,0,0.25,0.25,0.175,0,0,0,0,BCC,,6.331916559,1.236200867,-1.825,0.271583205,4.675,12.79604474,2102.275,14.7401671,0.644420355,1.29825
0,0,0,0,0,0,0,0.232558139,0.069767441,0,0,0,0,0,0,0,0,0.232558139,0.232558139,0.232558139,0,0,0,0,BCC,,6.370142053,1.236705446,-2.617631135,0.296132452,4.767441846,12.82599914,2138.604645,10.47884134,0.650195132,1.304651159
0,0,0,0,0,0,0,0.217391304,0.065217391,0,0,0,0,0,0,0,0,0.217391304,0.217391304,0.282608696,0,0,0,0,BCC,,6.37545935,1.237146306,-3.194706994,0.312228786,4.847826083,12.72470174,2170.19565,8.644014121,0.642140094,1.31021739
0,0,0,0,0,0,0,0.208333333,0.0625,0,0,0,0,0,0,0,0,0.208333333,0.208333333,0.3125,0,0,0,0,BCC,,6.366013888,1.237410533,-3.489583329,0.319847986,4.895833329,12.61433994,2189.062498,7.913144889,0.633458767,1.313541665
0,0,0,0,0,0,0,0.25,0.25,0,0,0,0,0,0,0,0,0.25,0.25,0,0,0,0,0,BCC,,7.048397669,1.236809892,-0.25,0.117153745,4.5,11.52629264,1977.5,91.17297481,0.219790951,1.2125
0,0,0,0,0,0,0,0.25,0.25,0,0,0,0,0,0,0,0,0.25,0.25,0,0,0,0,0,BCC,335,7.048397669,1.236809892,-0.25,0.117153745,4.5,11.52629264,1977.5,91.17297481,0.219790951,1.2125
0,0,0,0,0,0,0,0.2,0.4,0,0,0,0,0,0,0,0,0.2,0.2,0,0,0,0,0,BCC,304,7.480507608,1.238858494,-1.28,0.112889326,4.6,11.07635283,1964,16.99527887,0.207598546,1.15
0,0,0,0,0,0,0,0.125,0.125,0.125,0,0.125,0.125,0.125,0.125,0,0,0.125,0,0,0,0,0,0,Unknown,680,9.303630824,1.326222337,-16.75,0.194164878,7.125,17.28943896,1614.075,1.666056788,0.382404255,1.08625
0,0,0,0,0,0,0,0.125,0.125,0.125,0,0.125,0.125,0.125,0,0,0,0.125,0,0.125,0,0,0,0,Unknown,850,9.129828528,1.325030604,-18.75,0.239674258,6.5,17.28943896,1806.375,1.66566455,0.421292718,1.135
0,0,0,0,0,0,0,0.142857143,0.142857143,0,0,0.142857143,0.142857143,0.142857143,0.142857143,0,0,0.142857143,0,0,0,0,0,0,Unknown,630,9.547491719,1.324912994,-20.16326535,0.206585457,7.285714293,16.1791972,1572.228573,1.261571263,0.340212415,1.110000001
0,0,0,0,0,0,0,0,0.25,0,0,0.25,0.25,0.25,0,0,0,0,0,0,0,0,0,0,FCC,238,2.415226675,1.065573767,-10.5,0.109173028,8,11.52629264,1599.5,1.755838579,0.183501176,1.035
0,0,0,0,0,0,0,0,0.238095238,0,0,0.238095238,0.238095238,0.238095238,0,0,0,0,0,0.047619048,0,0,0,0,FCC + Im,267,2.881943622,1.107458853,-10.15873016,0.129721488,7.904761904,12.56917623,1648.238096,2.039329205,0.232867761,1.051904762
0,0,0,0,0,0,0,0,0.227272727,0,0,0.227272727,0.227272727,0.227272727,0,0,0,0,0,0.090909091,0,0,0,0,FCC + Im,402,3.206320026,1.107303119,-9.834710723,0.144274331,7.81818181,13.0113333,1692.545453,2.239239529,0.261695941,1.067272726
0,0,0,0,0,0,0,0,0.217391304,0,0,0.217391304,0.217391304,0.217391304,0,0,0,0,0,0.130434783,0,0,0,0,FCC + Im,557,3.444030891,1.107161402,-9.527410185,0.155114446,7.739130426,13.24232598,1732.999999,2.408729179,0.27997434,1.081304347
0,0,0,0,0,0,0,0,0.208333333,0,0,0.208333333,0.208333333,0.208333333,0,0,0,0,0,0.166666667,0,0,0,0,FCC + Im,606,3.623178028,1.10703189,-9.236111089,0.163413565,7.666666658,13.35141819,1770.083332,2.558774205,0.291913227,1.094166666
0,0,0,0,0,0,0,0,0.2,0,0,0.2,0.2,0.2,0,0,0,0,0,0.2,0,0,0,0,FCC + Im,625,3.760334149,1.106913072,-8.96,0.169870539,7.6,13.38161136,1804.2,2.694542769,0.299730308,1.106
0,0,0,0,0,0,0,0,0.192307692,0,0,0.192307692,0.192307692,0.230769231,0,0,0,0,0,0.192307692,0,0,0,0,FCC + Im,602,3.733839413,1.106964566,-9.08284022,0.166658777,7.692307686,13.3578861,1790.769229,2.633635604,0.295042468,1.108076922
0,0,0,0,0,0,0,0,0.185185185,0,0,0.185185185,0.185185185,0.259259259,0,0,0,0,0,0.185185185,0,0,0,0,FCC + Im,538,3.705992674,1.107012298,-9.163237293,0.163622403,7.77777777,13.29620102,1778.333332,2.580428369,0.290561551,1.109999999
0,0,0,0,0,0,0,0,0.178571429,0,0,0.178571429,0.178571429,0.285714286,0,0,0,0,0,0.178571429,0,0,0,0,FCC + Im,520,3.67719953,1.107056666,-9.20918371,0.160746029,7.857142872,13.20735631,1766.785718,2.533836792,0.286273373,1.111785716
0,0,0,0,0,0,0,0,0.172413793,0,0,0.172413793,0.172413793,0.310344828,0,0,0,0,0,0.172413793,0,0,0,0,FCC + Im,510,3.647777152,1.107098015,-9.227110583,0.158016089,7.931034484,13.09894835,1756.034483,2.492893607,0.282165001,1.113448276
0,0,0,0,0,0,0,0,0.166666667,0,0,0.166666667,0.166666667,0.333333333,0,0,0,0,0,0.166666667,0,0,0,0,FCC + Im,382,3.617974404,1.107136642,-9.222222241,0.155420577,8.000000006,12.97646836,1746.000002,2.456773779,0.278224618,1.115000001
0,0,0,0,0,0,0,0.142857143,0.142857143,0,0,0.142857143,0.142857143,0.142857143,0,0,0,0.142857143,0,0.142857143,0,0,0,0,Unknown,790,9.263997084,1.32356472,-21.79591841,0.25404483,6.571428578,16.1791972,1792.000002,1.330208751,0.440318147,1.165714287
0,0,0,0,0,0,0,0.166666667,0.166666667,0,0,0.166666667,0,0.166666667,0.166666667,0,0,0.166666667,0,0,0,0,0,0,Unknown,590,9.754749839,1.323223158,-18.77777785,0.211266025,7.000000014,14.89751714,1585.100003,1.257553191,0.349355401,1.123333336
0,0,0,0,0,0,0,0.125,0.125,0.125,0.125,0.125,0.125,0.125,0.125,0,0,0,0,0,0,0,0,0,FCC + BCC + Im,,5.502282822,1.196243133,-8.125,0.148639665,7.5,17.28943896,1537.95,3.272651404,0.281981734,1.03125
0,0,0,0,0.111111111,0,0,0.111111111,0.111111111,0.111111111,0.111111111,0.111111111,0.111111111,0.111111111,0.111111111,0,0,0,0,0,0,0,0,0,FCC + BCC,,6.034157017,1.19526398,-12.74074072,0.145754741,6.999999993,18.2687416,1440.435554,2.065417194,0.353831323,1.25111111
0,0,0,0,0.2,0,0,0.1,0.1,0.1,0.1,0.1,0.1,0.1,0.1,0,0,0,0,0,0,0,0,0,BCC,,6.271562741,1.194489029,-15.44,0.14239382,6.6,17.99212842,1362.424,1.587623547,0.403499498,1.427
0,0,0,0,0.39999985,0,0,0.075000019,0.075000019,0.075000019,0.075000019,0.075000019,0.075000019,0.075000019,0.075000019,0,0,0,0,0,0,0,0,0,BCC + Im,,6.319607207,1.192772001,-18.28499961,0.130987606,5.70000069,15.96939584,1186.898135,1.036589912,0.496947209,1.822749705
0,0,0,0,0.166666667,0,0,0.166666667,0.166666667,0,0,0.166666667,0,0.166666667,0,0,0,0.166666667,0,0,0,0,0,0,BCC,800,9.354085264,1.320423375,-31.33333346,0.189773257,5.666666678,14.89751714,1514.38667,0.72001919,0.42861652,1.458333336
0,0,0,0,0,0,0,0,0,0,0.25,0,0,0.25,0.25,0.25,0,0,0,0,0,0,0,0,FCC,147,4.448485471,1.129456622,-3.5,0.156584642,10,11.52629264,1051.2825,3.462111356,0.256323068,1.3125
0,0,0,0,0,0,0,0,0,0,0.266666667,0,0,0.266666667,0.266666667,0.2,0,0,0,0,0,0,0,0,FCC,109,4.333399607,1.129679149,-2.98666667,0.159393294,9.866666676,11.46807389,1093.399335,4.198387616,0.245285243,1.264000001
0,0,0,0,0.0999991,0,0,0,0,0,0.3000003,0,0,0.3000003,0.3000003,0,0,0,0,0,0,0,0,0,FCC + Im,241,4.52113371,1.163358112,-5.03995968,0.167418645,8.7000057,10.92381573,1201.712541,2.604641148,0.267940658,1.263998254
0,0,0,0,0,0,0,0,0,0,0.3000003,0,0,0.3000003,0.3000003,0,0,0,0,0,0.0999991,0,0,0,FCC + Im,318,8.071625571,1.337699515,-0.47999616,0.167104768,8.8000048,10.92381573,1158.873927,26.37380523,0.298665287,1.35999739
0,0,0,0,0.049998575,0,0,0,0,0,0.316667142,0,0,0.316667142,0.316667142,0,0,0,0,0,0,0,0,0,FCC,166,4.029281798,1.163744893,-2.659928183,0.167641399,9.016675701,10.32817797,1231.790192,4.782891659,0.229850857,1.166997237
0,0,0,0,0,0,0,0,0,0,0.316667142,0,0,0.316667142,0.316667142,0,0,0,0,0,0.049998575,0,0,0,FCC + Im,205,6.364583029,1.339636156,-0.253326494,0.167476039,9.066674276,10.32817797,1210.371302,49.34710949,0.247202225,1.214995869